id;Nacionalidad;Edad;Sexo;Estatura;Sitio;Uso;Temperatura;Autos;Cigarrillos
1;ARGENTINA;17;2;1,55;2;105;9;111;6
2;ARGENTINA;19;1;1,89;3;106;18;121;6
3;ARGENTINA;28;1;1,57;2;106;6;169;4
4;ARGENTINA;47;1;1,55;6;229;10;89;9
5;CANADA;27;2;1,61;7;33;-3;114;0
6;ARGENTINA;17;1;1,81;1;89;16;89;4
7;ARGENTINA;54;1;1,66;7;185;18;115;1
8;ARGENTINA;11;2;1,69;2;220;15;65;23
9;ARGENTINA;27;2;1,57;5;210;19;107;0
10;ARGENTINA;40;1;1,56;4;196;15;12;3
11;CANADA;31;2;1,61;2;42;-2;133;2
12;ARGENTINA;35;1;1,69;5;82;15;96;0
13;ARGENTINA;18;2;1,75;2;123;5;148;0
14;ARGENTINA;58;1;1,78;7;23;18;161;0
15;ARGENTINA;36;2;1,54;5;83;15;165;4
16;BRASIL;30;2;1,67;5;136;24;40;12
17;BRASIL;58;1;1,68;7;139;24;151;2
18;ARGENTINA;31;1;1,77;4;177;6;151;0
19;ARGENTINA;27;1;1,73;3;266;12;199;5
20;CANADA;20;2;1,8;3;330;3;43;1
21;ARGENTINA;24;1;1,81;5;15;8;18;0
22;BRASIL;34;1;1,66;5;170;12;19;0
23;ARGENTINA;40;1;1,61;7;39;11;56;0
24;ARGENTINA;29;1;1,52;3;97;19;194;3
25;CANADA;33;1;1,62;7;72;21;199;1
26;ARGENTINA;21;2;1,82;6;55;14;165;0
27;BRASIL;42;1;1,65;6;117;20;19;8
28;BRASIL;33;1;1,68;2;250;3;80;13
29;CANADA;52;2;1,65;7;110;-7;139;0
30;BRASIL;19;2;1,67;4;111;23;184;0
31;BRASIL;23;1;1,62;2;154;20;47;4
32;BRASIL;53;1;1,6;7;186;18;152;8
33;BRASIL;54;1;1,59;7;163;17;171;2
34;CANADA;30;2;1,72;5;34;9;35;2
35;BRASIL;59;1;1,6;7;41;16;21;0
36;BRASIL;33;1;1,64;4;56;23;143;0
37;ARGENTINA;24;2;1,8;4;277;9;129;13
38;BRASIL;51;2;1,6;7;267;24;195;4
39;BRASIL;22;1;1,73;7;74;0;153;4
40;ARGENTINA;44;2;1,57;2;266;19;190;3
41;ARGENTINA;29;1;1,81;3;49;8;110;2
42;ARGENTINA;53;2;1,67;7;139;8;7;0
43;ARGENTINA;24;2;1,73;1;93;12;149;5
44;ARGENTINA;47;1;1,89;6;91;14;153;0
45;CANADA;31;1;1,56;5;118;9;191;6
46;ARGENTINA;57;2;1,65;7;180;12;175;0
47;BRASIL;11;1;1,62;2;83;17;10;0
48;CANADA;43;2;1,52;1;140;15;74;0
49;CANADA;16;2;1,53;2;135;5;142;2
50;ARGENTINA;22;2;1,64;4;114;7;75;8
51;ARGENTINA;59;1;1,59;7;28;7;186;1
52;ARGENTINA;46;2;1,54;7;44;5;112;2
53;CANADA;42;2;1,61;3;29;-3;32;0
54;ARGENTINA;57;1;1,64;7;260;-3;23;3
55;ARGENTINA;44;1;1,68;4;107;9;50;2
56;ARGENTINA;23;1;1,91;3;304;8;67;4
57;CANADA;27;1;1,7;3;31;-5;74;1
58;BRASIL;35;2;1,8;5;254;34;74;0
59;ARGENTINA;55;1;1,63;7;74;13;17;2
60;ARGENTINA;49;2;1,7;6;81;-5;9;1
61;BRASIL;50;2;1,64;7;260;33;129;7
62;ARGENTINA;15;2;1,5;2;71;-9;184;3
63;BRASIL;17;1;1,68;1;148;21;90;6
64;CANADA;51;1;1,73;7;121;0;76;0
65;ARGENTINA;28;2;1,64;5;320;9;125;0
66;ARGENTINA;42;2;1,69;6;37;20;9;2
67;CANADA;36;1;1,65;7;250;0;126;0
68;BRASIL;29;1;1,75;6;152;35;86;3
69;CANADA;31;1;1,86;5;-10;23;61;9
70;BRASIL;57;2;1,64;7;183;32;137;8
71;BRASIL;33;2;1,72;5;107;14;100;1
72;ARGENTINA;20;1;1,67;3;94;-9;60;0
73;ARGENTINA;27;1;1,81;5;135;17;44;2
74;ARGENTINA;28;1;1,69;2;16;10;83;0
75;CANADA;52;1;1,68;7;141;-5;191;3
76;ARGENTINA;59;2;1,66;7;37;19;157;0
77;ARGENTINA;56;1;1,69;7;157;29;70;1
78;CANADA;15;2;1,49;2;72;8;98;5
79;CANADA;20;2;1,63;2;128;9;88;0
80;ARGENTINA;54;2;1,61;7;189;8;110;6
81;BRASIL;59;1;1,61;7;189;31;183;14
82;CANADA;59;2;1,73;7;271;-3;50;0
83;BRASIL;39;2;1,63;5;244;-2;193;14
84;BRASIL;16;2;1,77;2;23;8;190;0
85;ARGENTINA;44;1;1,57;2;13;27;147;1
86;ARGENTINA;27;2;1,71;4;29;13;69;1
87;ARGENTINA;36;1;1,84;2;115;28;182;0
88;BRASIL;33;1;1,64;4;30;16;136;1
89;CANADA;37;1;1,67;5;261;-3;89;3
90;ARGENTINA;23;1;1,81;3;110;5;106;1
91;BRASIL;36;1;1,64;1;81;21;12;5
92;CANADA;20;1;1,74;7;78;17;70;8
93;ARGENTINA;21;2;1,62;4;37;27;177;1
94;ARGENTINA;14;2;1,66;2;152;15;29;4
95;ARGENTINA;51;2;1,64;7;83;6;157;3
96;CANADA;40;1;1,66;7;172;7;127;1
97;ARGENTINA;21;1;1,61;3;39;14;161;2
98;ARGENTINA;59;1;1,68;7;136;4;137;2
99;BRASIL;56;1;1,71;7;194;16;56;0
100;ARGENTINA;23;2;1,7;2;37;9;11;1
101;BRASIL;30;2;1,61;7;160;13;137;2
102;CANADA;23;2;1,71;4;31;5;61;1
103;ARGENTINA;17;1;1,75;1;106;19;197;1
104;ARGENTINA;56;1;1,7;7;169;21;63;15
105;ARGENTINA;33;2;1,84;5;219;25;55;0
106;BRASIL;33;1;1,63;5;120;1;179;0
107;ARGENTINA;15;2;1,7;2;119;7;29;6
108;BRASIL;45;1;1,62;4;47;10;9;1
109;ARGENTINA;19;1;1,66;3;103;31;12;0
110;CANADA;18;1;1,62;5;47;19;35;2
111;CANADA;46;2;1,67;2;106;6;41;2
112;ARGENTINA;21;1;1,56;3;25;8;172;1
113;ARGENTINA;27;2;1,68;4;47;9;32;2
114;ARGENTINA;32;2;1,6;2;41;31;89;2
115;BRASIL;44;1;1,59;5;85;20;200;1
116;BRASIL;53;2;1,61;7;189;21;66;10
117;ARGENTINA;53;2;1,7;7;47;6;174;2
118;ARGENTINA;24;1;1,65;2;116;19;70;4
119;ARGENTINA;44;2;1,71;7;148;17;110;3
120;ARGENTINA;27;2;1,76;5;4;30;18;28
121;ARGENTINA;34;2;1,8;6;46;6;115;2
122;ARGENTINA;27;2;1,78;3;133;10;122;3
123;CANADA;14;1;1,67;2;262;-4;112;0
124;BRASIL;25;2;1,72;2;47;7;73;2
125;ARGENTINA;57;2;1,72;3;87;19;94;4
126;BRASIL;57;1;1,69;1;43;-1;162;2
127;CANADA;18;2;1,67;4;126;16;130;11
128;ARGENTINA;54;2;1,64;7;17;7;103;1
129;ARGENTINA;32;2;1,59;5;76;17;53;8
130;BRASIL;46;1;1,75;6;72;3;199;0
131;CANADA;37;2;1,69;5;98;21;147;0
132;ARGENTINA;47;2;1,6;7;94;-7;148;10
133;ARGENTINA;16;1;1,57;1;220;10;154;0
134;CANADA;35;2;1,59;5;92;-7;120;4
135;ARGENTINA;58;2;1,76;7;19;18;135;0
136;CANADA;21;2;1,51;4;144;-3;153;1
137;ARGENTINA;18;2;1,62;2;320;14;137;15
138;ARGENTINA;33;1;1,82;5;268;9;197;6
139;ARGENTINA;30;1;1,87;4;75;8;99;4
140;ARGENTINA;44;2;1,63;2;106;6;106;0
141;BRASIL;27;1;1,61;3;152;20;151;11
142;ARGENTINA;54;1;1,62;7;244;3;18;8
143;ARGENTINA;31;2;1,78;2;98;12;17;8
144;ARGENTINA;21;1;1,68;3;53;0;198;0
145;CANADA;55;2;1,68;7;73;-6;87;0
146;ARGENTINA;28;2;1,57;5;99;18;167;1
147;BRASIL;33;1;1,81;5;126;19;125;3
148;ARGENTINA;40;2;1,74;1;29;9;110;1
149;CANADA;40;1;1,59;6;135;0;55;0
150;ARGENTINA;35;2;1,67;5;66;0;141;5
151;BRASIL;24;1;1,72;7;137;30;156;2
152;CANADA;26;1;1,68;5;259;9;45;3
153;ARGENTINA;51;1;1,61;7;63;-1;12;4
154;CANADA;24;1;1,7;6;35;8;23;2
155;CANADA;34;2;1,55;5;59;14;25;6
156;ARGENTINA;53;2;1,67;7;308;5;147;26
157;CANADA;26;1;1,6;3;67;9;167;3
158;CANADA;15;1;1,65;1;113;6;60;6
159;CANADA;54;1;1,71;7;88;-6;51;1
160;ARGENTINA;47;1;1,7;6;13;18;12;1
161;ARGENTINA;12;2;1,89;1;141;10;72;3
162;CANADA;41;1;1,79;4;10;0;58;0
163;ARGENTINA;26;1;1,65;7;113;7;103;4
164;CANADA;48;2;1,62;7;296;18;34;3
165;BRASIL;37;1;1,6;2;112;11;189;0
166;BRASIL;44;2;1,56;6;229;20;88;15
167;BRASIL;34;2;1,64;5;137;21;172;11
168;CANADA;51;2;1,65;7;52;-5;69;2
169;CANADA;46;1;1,73;1;280;13;36;0
170;ARGENTINA;50;2;1,65;7;80;15;51;8
171;ARGENTINA;28;2;1,71;6;13;6;25;0
172;BRASIL;56;2;1,69;7;151;26;180;1
173;BRASIL;42;1;1,73;7;91;22;20;4
174;ARGENTINA;17;2;1,61;2;249;5;72;18
175;BRASIL;24;2;1,64;5;97;0;9;2
176;ARGENTINA;16;1;1,81;1;68;7;158;3
177;BRASIL;27;2;1,58;4;182;21;133;0
178;CANADA;39;2;1,68;5;215;4;197;1
179;ARGENTINA;38;2;1,77;5;19;9;157;1
180;CANADA;29;2;1,65;4;40;-1;120;0
181;ARGENTINA;47;1;1,74;6;16;28;143;0
182;CANADA;52;1;1,65;7;292;12;103;3
183;CANADA;25;2;1,52;2;33;6;134;1
184;BRASIL;28;2;1,79;4;26;17;197;1
185;ARGENTINA;25;2;1,66;4;147;7;194;1
186;ARGENTINA;45;1;1,63;2;70;12;15;4
187;BRASIL;33;2;1,68;2;145;9;41;0
188;ARGENTINA;13;1;1,71;2;96;9;100;2
189;BRASIL;30;1;1,64;5;212;17;62;12
190;ARGENTINA;58;1;1,66;7;15;28;17;1
191;ARGENTINA;29;2;1,62;4;188;33;139;1
192;ARGENTINA;35;1;1,68;4;240;19;141;3
193;ARGENTINA;50;2;1,63;7;59;-3;26;2
194;CANADA;58;2;1,62;7;12;7;7;0
195;ARGENTINA;34;2;1,69;5;260;8;7;2
196;BRASIL;15;2;1,6;2;64;5;125;2
197;CANADA;31;1;1,6;7;101;-4;44;3
198;ARGENTINA;55;1;1,8;5;140;-8;62;0
199;BRASIL;19;2;1,64;2;111;-2;84;1
200;ARGENTINA;50;1;1,63;7;94;13;37;0
201;BRASIL;28;2;1,65;4;192;21;162;0
202;BRASIL;49;2;1,75;1;176;29;115;8
203;ARGENTINA;26;1;1,77;3;47;14;74;0
204;CANADA;57;2;1,6;7;177;8;133;1
205;BRASIL;55;1;1,69;7;161;25;102;1
206;ARGENTINA;35;1;1,66;4;260;6;176;26
207;BRASIL;33;1;1,69;7;92;20;199;1
208;ARGENTINA;47;2;1,72;7;117;14;45;0
209;CANADA;19;2;1,52;2;220;8;67;2
210;ARGENTINA;55;1;1,61;7;38;17;127;3
211;BRASIL;40;2;1,56;4;39;4;138;1
212;ARGENTINA;33;1;1,74;5;51;27;124;0
213;CANADA;54;1;1,63;1;318;8;109;12
214;CANADA;55;1;1,64;7;61;-5;34;4
215;ARGENTINA;46;1;1,7;2;107;13;38;0
216;BRASIL;30;1;1,59;5;38;28;27;2
217;BRASIL;28;1;1,75;7;132;21;200;0
218;ARGENTINA;27;2;1,65;4;85;18;17;0
219;ARGENTINA;41;1;1,74;6;143;5;39;8
220;CANADA;49;2;1,59;6;52;-4;155;4
221;ARGENTINA;23;2;1,59;2;92;6;134;2
222;ARGENTINA;49;1;1,72;5;117;12;96;0
223;CANADA;20;2;1,65;4;121;9;102;0
224;ARGENTINA;17;2;1,64;2;97;7;100;2
225;CANADA;37;2;1,8;4;11;3;89;1
226;ARGENTINA;34;2;1,67;2;55;19;45;4
227;ARGENTINA;44;2;1,7;4;102;32;47;0
228;CANADA;56;2;1,62;7;140;-11;44;8
229;CANADA;43;1;1,71;7;235;21;129;7
230;ARGENTINA;20;2;1,65;2;37;20;31;2
231;ARGENTINA;31;1;1,71;2;30;7;166;1
232;ARGENTINA;23;2;1,53;3;247;14;181;1
233;ARGENTINA;19;2;1,76;4;110;6;29;2
234;ARGENTINA;50;2;1,65;7;63;7;16;2
235;ARGENTINA;59;1;1,64;7;191;7;62;3
236;BRASIL;42;2;1,58;4;46;18;41;1
237;ARGENTINA;28;1;1,76;3;82;-7;119;0
238;ARGENTINA;37;1;1,61;5;41;0;70;2
239;CANADA;52;1;1,61;7;166;5;128;1
240;BRASIL;44;2;1,67;6;73;20;31;5
241;BRASIL;28;1;1,66;3;172;18;107;8
242;BRASIL;36;1;1,68;4;158;18;83;17
243;BRASIL;55;1;1,69;7;142;3;104;0
244;BRASIL;29;1;1,74;3;168;23;52;5
245;BRASIL;25;2;1,8;7;103;14;25;5
246;ARGENTINA;59;2;1,61;4;153;-5;48;0
247;ARGENTINA;34;1;1,69;5;90;16;20;1
248;BRASIL;15;1;1,55;1;145;21;57;4
249;BRASIL;58;2;1,64;7;164;25;178;13
250;BRASIL;49;1;1,72;2;109;20;168;3
251;ARGENTINA;41;1;1,7;5;139;34;8;8
252;ARGENTINA;33;2;1,5;2;44;9;129;0
253;CANADA;38;2;1,64;5;22;6;119;1
254;CANADA;28;2;1,68;2;110;-5;47;0
255;ARGENTINA;55;2;1,6;4;72;20;154;3
256;BRASIL;14;2;1,63;2;67;27;73;5
257;CANADA;43;1;1,73;5;65;6;68;1
258;BRASIL;26;2;1,68;7;167;20;47;8
259;ARGENTINA;24;1;1,87;2;27;16;85;2
260;BRASIL;53;1;1,87;7;186;18;34;20
261;CANADA;35;2;1,62;5;214;7;107;0
262;BRASIL;26;1;1,65;3;59;9;114;0
263;ARGENTINA;38;1;1,84;5;117;11;190;0
264;CANADA;28;1;1,77;5;112;12;90;6
265;ARGENTINA;16;1;1,77;1;87;18;108;0
266;ARGENTINA;26;1;1,87;4;57;11;41;0
267;ARGENTINA;39;2;1,67;4;137;8;7;2
268;ARGENTINA;58;2;1,69;7;139;32;122;3
269;ARGENTINA;30;1;1,73;2;28;6;9;1
270;ARGENTINA;36;1;1,64;1;43;9;183;2
271;ARGENTINA;57;1;1,67;7;92;6;188;6
272;ARGENTINA;17;2;1,71;2;28;-2;191;1
273;BRASIL;51;2;1,63;7;108;19;97;7
274;BRASIL;55;2;1,71;7;101;26;17;8
275;ARGENTINA;15;1;1,81;1;70;17;76;0
276;CANADA;30;2;1,58;2;130;4;145;0
277;BRASIL;54;1;1,55;7;262;23;45;6
278;ARGENTINA;58;2;1,58;7;230;27;80;3
279;ARGENTINA;53;2;1,66;7;244;18;58;1
280;CANADA;18;1;1,8;3;84;18;161;3
281;ARGENTINA;20;1;1,57;3;149;21;198;0
282;ARGENTINA;57;2;1,6;7;73;7;31;1
283;BRASIL;19;1;1,6;3;34;7;100;1
284;ARGENTINA;55;1;1,6;7;120;16;75;1
285;ARGENTINA;24;1;1,83;2;96;20;98;6
286;ARGENTINA;37;1;1,7;4;293;8;47;6
287;BRASIL;51;2;1,72;7;64;23;26;1
288;ARGENTINA;28;2;1,67;2;98;9;91;6
289;BRASIL;50;1;1,76;7;126;25;113;2
290;ARGENTINA;53;2;1,77;1;245;16;24;8
291;BRASIL;55;2;1,53;7;136;19;188;1
292;CANADA;46;1;1,81;6;151;8;17;1
293;CANADA;50;2;1,72;7;32;1;110;1
294;CANADA;15;2;1,64;2;120;-11;176;8
295;BRASIL;40;2;1,81;7;174;3;150;4
296;ARGENTINA;14;1;1,75;2;15;13;172;0
297;ARGENTINA;18;2;1,65;2;51;2;90;2
298;ARGENTINA;21;2;1,76;6;314;-5;149;15
299;CANADA;53;2;1,66;7;220;9;58;1
300;ARGENTINA;52;1;1,78;7;18;15;28;0
301;ARGENTINA;40;1;1,67;6;103;19;197;8
302;CANADA;38;2;1,7;4;40;11;33;2
303;ARGENTINA;59;2;1,72;7;220;17;40;6
304;ARGENTINA;18;2;1,6;4;41;9;153;1
305;CANADA;50;1;1,58;5;82;-7;89;0
306;ARGENTINA;42;1;1,57;5;82;20;84;3
307;ARGENTINA;29;1;1,87;3;107;6;16;1
308;CANADA;45;1;1,81;6;99;-10;55;3
309;ARGENTINA;53;2;1,67;7;136;10;66;1
310;ARGENTINA;18;1;1,6;3;72;-4;72;2
311;ARGENTINA;37;2;1,73;1;21;0;94;1
312;ARGENTINA;42;1;1,58;7;115;27;177;2
313;BRASIL;26;1;1,58;3;145;19;138;0
314;ARGENTINA;34;2;1,65;2;63;17;49;0
315;ARGENTINA;41;2;1,67;4;320;14;173;0
316;ARGENTINA;36;1;1,65;5;300;-10;102;13
317;CANADA;35;1;1,71;5;11;1;26;0
318;ARGENTINA;33;1;1,82;6;118;18;97;8
319;ARGENTINA;280;2;1,62;2;51;20;49;1
320;CANADA;38;1;1,68;5;13;8;178;0
321;URUGUAY;23;1;1,58;7;134;35;44;13
322;BRASIL;53;2;1,55;7;85;4;66;0
323;ARGENTINA;55;1;1,65;7;167;30;146;5
324;ARGENTINA;52;2;1,64;7;77;15;146;0
325;CANADA;27;1;1,66;3;258;-5;94;8
326;ARGENTINA;41;1;1,65;4;33;-7;12;2
327;ARGENTINA;38;2;1,66;5;26;16;194;0
328;ARGENTINA;60;1;1,57;5;34;7;177;3
329;BRASIL;47;2;1,58;5;130;17;170;1
330;ARGENTINA;16;1;1,68;1;95;12;61;0
331;BRASIL;43;1;1,6;7;216;21;197;3
332;ARGENTINA;41;2;1,54;1;186;18;108;1
333;ARGENTINA;53;2;1,71;7;94;7;160;2
334;ARGENTINA;27;2;1,69;2;81;-6;75;4
335;CANADA;55;2;1,61;7;11;9;89;0
336;ARGENTINA;38;1;1,78;4;98;9;195;3
337;ARGENTINA;30;1;1,58;2;40;14;180;2
338;ARGENTINA;54;1;1,51;7;225;20;58;1
339;BRASIL;23;1;1,67;7;111;19;137;2
340;BRASIL;30;1;1,59;5;104;18;130;8
341;BRASIL;60;1;1,72;7;159;16;116;5
342;CANADA;55;1;1,74;7;261;-4;13;4
343;BRASIL;22;2;1,52;2;206;13;171;3
344;CANADA;22;1;1,65;3;274;21;180;2
345;BRASIL;17;2;1,5;2;146;34;25;0
346;CANADA;18;1;1,62;3;192;-8;192;2
347;ARGENTINA;38;2;1,52;6;160;7;100;1
348;ARGENTINA;18;1;1,57;3;31;-1;114;2
349;CANADA;42;1;1,77;6;116;22;182;2
350;BRASIL;26;1;1,76;3;31;16;55;1
351;ARGENTINA;38;1;1,66;5;92;10;139;5
352;CANADA;25;2;1,72;4;131;9;66;0
353;CANADA;42;2;1,83;5;36;14;16;4
354;BRASIL;30;2;1,47;2;41;18;92;3
355;ARGENTINA;13;1;1,71;1;66;34;193;2
356;BRASIL;55;2;1,54;5;89;4;140;8
357;BRASIL;47;2;1,72;2;241;31;112;3
358;BRASIL;18;1;1,63;7;306;20;42;7
359;BRASIL;55;1;1,62;7;166;18;190;3
360;ARGENTINA;25;2;1,68;2;73;17;36;3
361;CANADA;53;2;1,63;7;340;10;69;1
362;ARGENTINA;52;1;1,55;7;38;13;96;0
363;CANADA;51;1;1,75;7;167;-12;137;3
364;ARGENTINA;34;2;1,71;5;50;14;39;0
365;ARGENTINA;40;1;1,74;4;21;1;180;1
366;BRASIL;34;2;1,54;5;124;30;86;3
367;BRASIL;53;2;1,67;7;117;2;199;14
368;CANADA;23;2;1,61;2;140;-6;114;16
369;ARGENTINA;30;1;1,59;5;79;31;28;3
370;BRASIL;28;2;1,68;5;104;21;140;7
371;BRASIL;28;1;1,67;2;24;9;84;1
372;ARGENTINA;41;1;1,73;2;31;9;109;2
373;ARGENTINA;17;2;1,56;2;104;16;194;0
374;BRASIL;36;2;1,63;2;92;36;70;2
375;ARGENTINA;53;2;1,7;7;14;13;14;1
376;CANADA;42;2;1,69;3;135;9;148;3
377;CANADA;29;1;1,66;7;19;0;34;1
378;CANADA;39;2;1,59;5;32;10;166;0
379;ARGENTINA;39;1;1,72;4;42;10;58;2
380;CANADA;34;1;1,57;5;135;8;181;8
381;BRASIL;38;1;1,64;5;187;19;125;1
382;CANADA;18;2;1,63;2;132;-6;62;0
383;CANADA;40;2;1,77;6;217;13;24;5
384;BRASIL;33;1;1,63;1;89;20;14;3
385;ARGENTINA;19;2;1,66;4;114;18;31;9
386;BRASIL;38;1;1,79;5;252;25;105;3
387;ARGENTINA;31;1;1,73;6;69;18;47;0
388;BRASIL;28;2;1,59;4;119;0;142;10
389;BRASIL;46;2;1,58;6;108;19;47;5
390;ARGENTINA;40;1;1,62;2;24;4;58;1
391;BRASIL;50;1;1,72;7;79;23;26;1
392;BRASIL;58;1;1,63;7;48;33;186;3
393;CANADA;31;2;1,61;5;134;10;90;1
394;ARGENTINA;26;1;1,73;7;83;6;37;4
395;ARGENTINA;19;2;1,62;5;141;-7;62;0
396;ARGENTINA;59;1;1,65;7;16;15;25;1
397;ARGENTINA;20;1;1,63;3;36;3;105;0
398;ARGENTINA;120;2;1,69;7;158;12;19;12
399;CANADA;51;2;1,7;7;281;-7;196;1
400;CANADA;44;1;1,79;4;231;7;130;0
401;ARGENTINA;26;1;1,72;3;93;11;28;2
402;BRASIL;50;1;1,74;7;175;18;102;3
403;ARGENTINA;39;1;1,74;5;99;17;199;1
404;CANADA;33;2;1,56;2;14;6;132;0
405;ARGENTINA;35;1;1,78;5;205;-8;179;15
406;ARGENTINA;35;2;1,52;5;70;9;158;3
407;BRASIL;38;1;1,69;5;40;0;20;0
408;ARGENTINA;36;2;1,7;5;160;14;26;5
409;ARGENTINA;39;1;1,86;5;117;18;93;1
410;BRASIL;54;2;1,72;7;135;21;104;3
411;BRASIL;31;1;1,57;4;173;17;119;16
412;ARGENTINA;47;1;1,77;6;84;16;24;0
413;ARGENTINA;53;2;1,79;7;259;14;43;8
414;CANADA;18;1;1,82;3;235;4;25;3
415;CANADA;41;1;1,65;6;135;-6;89;10
416;ARGENTINA;22;2;1,59;5;118;7;44;3
417;ARGENTINA;10;2;1,59;2;280;-7;56;29
418;CANADA;44;2;1,54;6;32;-3;71;0
419;ARGENTINA;32;1;1,77;5;110;7;121;4
420;ARGENTINA;49;1;1,79;6;61;18;35;0
421;ARGENTINA;23;1;1,63;6;290;12;107;0
422;CANADA;21;1;1,8;3;126;21;187;6
423;ARGENTINA;21;1;1,69;3;23;31;163;0
424;ARGENTINA;20;2;1,62;2;107;4;26;0
425;CANADA;27;2;1,83;5;11;1;107;0
426;BRASIL;21;1;1,74;2;145;32;180;0
427;BRASIL;18;2;1,62;2;286;23;26;20
428;CANADA;42;2;1,67;4;340;-3;77;19
429;ARGENTINA;34;1;1,76;5;95;18;50;0
430;BRASIL;18;2;1,5;2;198;22;161;15
431;BRASIL;43;2;1,64;2;67;20;101;1
432;BRASIL;22;2;1,72;2;142;16;21;18
433;ARGENTINA;59;2;1,64;7;113;27;149;0
434;ARGENTINA;34;1;1,58;7;276;-2;129;6
435;ARGENTINA;27;1;1,72;3;57;8;124;2
436;ARGENTINA;18;1;1,68;3;120;15;169;8
437;BRASIL;13;1;1,54;1;53;0;169;0
438;ARGENTINA;54;2;1,66;7;55;18;143;2
439;CANADA;17;1;1,84;2;11;0;163;1
440;ARGENTINA;31;1;1,75;5;63;5;100;2
441;ARGENTINA;19;1;1,8;2;192;32;69;6
442;ARGENTINA;26;1;1,84;3;17;13;101;2
443;CANADA;54;1;1,75;7;220;-9;139;2
444;BRASIL;30;2;1,6;7;100;31;164;6
445;ARGENTINA;57;2;1,61;7;68;16;21;2
446;ARGENTINA;30;2;1,58;2;274;16;191;4
447;ARGENTINA;55;2;1,7;7;10;15;13;0
448;CANADA;43;1;1,76;4;203;2;97;1
449;BRASIL;56;2;1,59;7;218;18;182;3
450;BRASIL;36;2;1,63;5;120;0;75;5
451;ARGENTINA;38;1;1,73;5;170;8;142;1
452;ARGENTINA;49;1;1,64;6;23;17;143;0
453;BRASIL;60;1;1,66;7;176;17;62;11
454;ARGENTINA;43;1;1,59;5;61;-3;102;2
455;ARGENTINA;45;1;1,74;6;250;6;111;2
456;ARGENTINA;56;2;1,54;7;88;13;58;1
457;BRASIL;49;1;1,59;2;128;15;129;4
458;BRASIL;56;2;1,7;7;26;13;60;1
459;ARGENTINA;59;2;1,68;7;115;19;57;0
460;ARGENTINA;40;2;1,69;5;106;11;192;2
461;CANADA;17;2;1,71;2;213;6;20;0
462;ARGENTINA;25;1;1,86;3;61;7;159;2
463;CANADA;41;2;1,78;6;132;-8;31;3
464;ARGENTINA;18;1;1,6;2;101;29;70;0
465;ARGENTINA;39;2;1,62;5;193;32;171;5
466;ARGENTINA;18;2;1,62;7;303;31;116;5
467;CANADA;58;2;1,71;7;204;4;200;1
468;ARGENTINA;21;1;1,76;3;47;-2;41;2
469;CANADA;51;2;1,64;7;122;-14;195;1
470;CANADA;36;2;1,69;5;131;-14;89;8
471;ARGENTINA;30;2;1,66;3;166;9;35;0
472;BRASIL;39;2;1,63;5;41;13;140;0
473;ARGENTINA;57;2;1,56;7;248;8;57;1
474;BRASIL;55;2;1,79;5;179;27;20;0
475;ARGENTINA;58;1;1,72;7;55;6;114;2
476;BRASIL;48;1;1,7;6;187;25;192;14
477;CANADA;31;2;1,6;2;31;13;179;2
478;ARGENTINA;27;1;1,67;3;62;9;20;3
479;BRASIL;49;1;1,57;4;34;22;38;1
480;ARGENTINA;43;1;1,78;6;109;20;194;8
481;CANADA;58;2;1,66;7;253;-5;29;0
482;ARGENTINA;56;2;1,65;7;277;-3;119;2
483;BRASIL;37;2;1,68;2;17;8;42;0
484;ARGENTINA;18;2;1,52;4;158;6;179;0
485;ARGENTINA;31;1;1,62;4;72;18;160;0
486;BRASIL;24;1;1,65;6;33;14;27;1
487;BRASIL;21;2;1,67;2;122;17;183;4
488;ARGENTINA;53;2;1,67;7;98;29;154;2
489;ARGENTINA;43;1;1,81;6;50;26;117;2
490;ARGENTINA;18;1;1,59;3;113;15;23;3
491;CANADA;46;2;1,65;5;68;14;136;1
492;BRASIL;51;2;1,65;7;187;17;108;4
493;BRASIL;48;2;1,73;2;190;30;200;0
494;ARGENTINA;34;2;1,69;5;110;18;37;2
495;ARGENTINA;14;1;1,64;1;312;17;107;0
496;ARGENTINA;14;2;1,72;2;85;19;83;3
497;CANADA;34;2;1,7;5;199;9;76;1
498;ARGENTINA;20;1;1,57;7;251;18;76;8
499;CANADA;49;1;1,58;6;71;-3;27;0
500;ARGENTINA;37;1;1,74;5;90;18;113;0
501;ARGENTINA;40;2;1,71;2;55;-2;178;0
502;ARGENTINA;56;2;1,67;7;341;9;37;8
503;ARGENTINA;22;1;1,73;3;260;32;159;2
504;BRASIL;46;2;1,64;5;289;29;146;20
505;ARGENTINA;24;2;1,69;2;105;7;187;5
506;BRASIL;39;2;1,69;5;169;12;98;4
507;ARGENTINA;33;2;1,54;5;94;20;105;3
508;CANADA;40;1;1,63;4;163;-8;56;15
509;ARGENTINA;47;2;1,61;6;248;0;16;3
510;BRASIL;45;1;1,79;2;190;19;180;0
511;ARGENTINA;45;2;1,67;2;26;0;106;1
512;BRASIL;12;2;1,65;2;49;18;80;1
513;CANADA;48;2;1,66;2;308;-13;123;14
514;CANADA;49;1;1,69;6;116;11;80;0
515;BRASIL;36;1;1,76;6;88;4;107;2
516;BRASIL;48;1;1,57;6;11;6;57;1
517;BRASIL;57;2;1,65;7;178;19;185;12
518;CANADA;35;2;1,57;5;19;2;123;0
519;CANADA;48;1;1,72;5;182;-3;136;3
520;ARGENTINA;55;1;1,58;7;94;17;28;6
521;ARGENTINA;34;2;1,72;2;77;25;30;2
522;ARGENTINA;24;1;1,7;3;222;19;168;1
523;ARGENTINA;27;2;1,64;3;200;18;131;3
524;CANADA;56;2;1,68;7;199;12;38;4
525;ARGENTINA;30;1;1,83;5;47;13;195;1
526;ARGENTINA;23;2;1,63;5;32;19;35;0
527;CANADA;37;2;1,7;5;230;8;147;10
528;BRASIL;59;2;1,66;7;99;25;102;1
529;CANADA;60;1;1,66;7;44;-5;42;0
530;ARGENTINA;16;2;1,63;2;42;8;149;0
531;ARGENTINA;44;1;1,61;4;137;6;128;1
532;ARGENTINA;25;1;1,65;5;26;8;76;0
533;ARGENTINA;45;2;1,68;7;119;-10;68;12
534;ARGENTINA;38;1;1,68;5;114;12;17;1
535;CANADA;20;1;1,9;3;62;-7;50;0
536;BRASIL;33;2;1,65;5;145;23;96;0
537;BRASIL;57;1;1,72;7;172;16;125;20
538;ARGENTINA;44;1;1,65;2;285;18;193;0
539;BRASIL;38;2;1,61;5;111;18;128;0
540;ARGENTINA;28;2;1,63;4;161;5;34;0
541;ARGENTINA;33;2;1,69;2;76;18;98;6
542;ARGENTINA;25;1;1,61;3;55;16;69;2
543;BRASIL;25;2;1,68;2;61;0;39;3
544;CANADA;35;1;1,75;5;34;-3;74;1
545;BRASIL;26;2;1,69;5;117;11;127;0
546;BRASIL;25;1;1,85;3;144;15;132;0
547;CANADA;28;1;1,55;2;66;19;17;0
548;CANADA;36;1;1,65;4;270;8;28;0
549;ARGENTINA;49;2;1,61;5;10;5;115;0
550;ARGENTINA;31;1;1,62;2;28;27;32;0
551;ARGENTINA;52;1;1,77;7;33;8;98;1
552;BRASIL;43;1;1,66;7;118;21;6;7
553;CANADA;34;2;1,79;5;190;-6;104;5
554;BRASIL;21;1;1,73;5;73;18;104;0
555;BRASIL;40;2;1,81;6;127;22;136;4
556;ARGENTINA;41;2;1,57;6;212;-9;58;3
557;BRASIL;52;1;1,8;7;141;21;194;0
558;CANADA;39;2;1,59;4;11;5;27;0
559;ARGENTINA;21;1;1,66;3;69;19;189;0
560;ARGENTINA;46;2;1,8;6;62;19;9;1
561;ARGENTINA;52;2;1,61;7;50;-6;43;2
562;ARGENTINA;55;1;1,77;7;104;7;129;0
563;ARGENTINA;51;2;1,57;7;119;8;166;3
564;ARGENTINA;17;1;1,61;1;23;-1;31;1
565;ARGENTINA;19;1;1,69;3;109;7;179;2
566;ARGENTINA;22;1;1,71;3;150;0;112;0
567;ARGENTINA;46;1;1,59;5;75;18;190;2
568;ARGENTINA;13;1;1,91;1;236;-1;69;3
569;CANADA;46;2;1,75;2;43;-6;17;2
570;CANADA;19;2;1,62;2;20;1;47;0
571;CANADA;46;2;1,55;4;23;7;130;0
572;ARGENTINA;57;2;1,68;7;84;19;125;1
573;ARGENTINA;16;1;1,62;1;120;14;49;1
574;CANADA;24;2;1,63;2;11;0;198;1
575;ARGENTINA;57;2;1,64;7;204;7;188;3
576;CANADA;29;1;1,8;3;23;13;136;0
577;CANADA;39;1;1,79;7;210;6;38;1
578;ARGENTINA;54;1;1,66;7;109;11;170;2
579;ARGENTINA;45;1;1,74;6;33;-1;192;2
580;ARGENTINA;58;2;1,62;7;154;9;87;4
581;ARGENTINA;19;2;1,86;2;56;27;63;2
582;ARGENTINA;49;2;1,58;2;77;11;174;0
583;CANADA;37;1;1,71;5;17;16;103;1
584;ARGENTINA;17;2;1,73;2;28;-1;132;1
585;CANADA;23;1;1,6;3;56;-6;191;1
586;ARGENTINA;37;1;1,63;1;65;20;114;1
587;ARGENTINA;40;1;1,8;6;42;17;167;3
588;BRASIL;23;1;1,68;3;129;33;87;13
589;ARGENTINA;41;2;1,63;7;45;7;149;2
590;CANADA;30;2;1,69;2;163;8;68;1
591;CANADA;34;1;1,78;6;124;-8;142;0
592;ARGENTINA;37;1;1,76;5;13;13;28;1
593;CANADA;24;2;1,67;5;28;6;7;1
594;ARGENTINA;58;2;1,69;7;98;15;198;2
595;CANADA;32;1;1,8;5;23;3;129;0
596;ARGENTINA;32;1;1,73;4;44;-4;85;2
597;ARGENTINA;25;2;1,63;4;155;18;153;0
598;ARGENTINA;26;2;1,71;2;126;15;126;2
599;CANADA;42;2;1,59;1;62;-2;7;2
600;ARGENTINA;24;2;1,69;4;209;10;170;3
601;ARGENTINA;46;1;1,61;4;17;10;115;1
602;ARGENTINA;58;1;1,64;7;86;6;171;1
603;ARGENTINA;24;1;1,82;5;101;7;198;3
604;ARGENTINA;34;1;1,91;5;111;-6;103;3
605;BRASIL;13;2;1,63;2;53;8;67;2
606;ARGENTINA;33;2;1,58;5;38;11;194;2
607;ARGENTINA;57;1;1,68;7;158;6;28;6
608;ARGENTINA;36;2;1,61;5;125;20;44;2
609;ARGENTINA;26;1;1,71;7;185;6;184;0
610;ARGENTINA;19;2;1,62;2;58;5;25;3
611;ARGENTINA;55;1;1,62;7;110;14;146;1
612;ARGENTINA;41;1;1,8;2;310;31;106;1
613;ARGENTINA;43;2;1,61;2;264;8;8;5
614;CANADA;56;2;1,78;7;74;23;180;0
615;BRASIL;54;1;1,8;7;33;17;196;3
616;ARGENTINA;36;2;1,61;5;70;-6;134;1
617;CANADA;35;1;1,71;5;280;10;86;3
618;ARGENTINA;28;1;1,67;3;77;31;70;2
619;ARGENTINA;51;2;1,64;7;41;-2;31;2
620;CANADA;43;1;1,77;6;31;-1;197;2
621;ARGENTINA;50;2;1,64;7;94;5;12;0
622;ARGENTINA;46;2;1,69;7;99;19;175;1
623;ARGENTINA;24;1;1,63;7;70;10;72;2
624;ARGENTINA;20;1;1,64;3;11;8;195;1
625;ARGENTINA;53;1;1,58;6;90;16;96;2
626;BRASIL;40;2;1,6;3;115;10;184;5
627;ARGENTINA;57;2;1,6;7;66;13;8;2
628;CANADA;44;1;1,82;6;132;-3;137;0
629;ARGENTINA;48;1;1,72;4;62;-2;96;0
630;ARGENTINA;28;2;1,61;2;31;8;150;2
631;ARGENTINA;25;2;1,57;2;308;18;197;6
632;BRASIL;22;1;1,74;2;165;-3;124;1
633;BRASIL;29;1;1,72;3;280;15;21;2
634;BRASIL;44;2;1,52;6;167;18;71;0
635;BRASIL;35;1;1,63;4;173;19;41;8
636;CANADA;52;2;1,63;7;119;5;78;1
637;BRASIL;56;2;1,65;7;36;32;102;3
638;ARGENTINA;55;1;1,68;7;232;16;148;0
639;ARGENTINA;32;1;1,62;5;111;12;143;4
640;BRASIL;42;2;1,66;7;157;18;10;8
641;ARGENTINA;35;1;1,73;5;13;16;157;0
642;ARGENTINA;54;1;1,55;7;170;24;70;16
643;BRASIL;46;2;1,6;2;260;24;154;1
644;ARGENTINA;32;2;1,68;5;114;8;41;7
645;ARGENTINA;27;1;1,66;3;58;32;164;1
646;CANADA;11;1;1,69;2;137;17;115;0
647;ARGENTINA;13;2;1,69;2;49;8;152;1
648;ARGENTINA;16;1;1,64;1;116;28;73;0
649;ARGENTINA;57;2;1,73;7;40;10;122;2
650;ARGENTINA;22;2;1,71;5;102;19;99;2
651;BRASIL;48;2;1,51;5;143;6;200;1
652;BRASIL;58;1;1,62;7;138;20;37;0
653;CANADA;44;1;1,76;6;243;-2;57;1
654;ARGENTINA;16;2;1,71;2;101;32;23;4
655;CANADA;22;1;1,62;3;32;-5;104;1
656;ARGENTINA;37;1;1,63;5;113;15;74;1
657;ARGENTINA;26;2;1,62;3;280;4;130;1
658;CANADA;26;1;1,8;5;32;11;106;1
659;CANADA;48;1;1,71;6;24;8;80;0
660;CANADA;35;2;1,61;5;208;2;95;1
661;ARGENTINA;-44;2;1,65;7;42;5;68;0
662;ARGENTINA;59;1;1,72;7;59;16;20;0
663;CANADA;33;1;1,62;7;51;-4;24;1
664;BRASIL;57;2;1,7;7;162;23;123;8
665;ARGENTINA;33;1;1,58;5;110;11;54;0
666;ARGENTINA;33;1;1,75;1;54;9;118;2
667;ARGENTINA;40;1;1,56;6;39;21;168;0
668;ARGENTINA;56;2;1,74;7;93;7;175;6
669;CANADA;22;1;1,63;6;210;-1;153;0
670;BRASIL;17;2;1,77;2;69;22;6;5
671;ARGENTINA;44;2;1,64;6;91;7;188;0
672;ARGENTINA;31;1;1,75;4;133;17;22;1
673;BRASIL;14;1;1,55;1;298;20;110;1
674;ARGENTINA;47;1;1,52;2;119;-7;175;8
675;CANADA;41;2;1,54;4;92;-5;45;3
676;BRASIL;33;2;1,71;2;98;1;131;0
677;ARGENTINA;28;2;1,68;4;54;-1;166;2
678;ARGENTINA;51;1;1,75;7;24;17;176;1
679;ARGENTINA;15;1;1,64;1;78;9;14;8
680;BRASIL;27;1;1,62;3;149;21;156;3
681;ARGENTINA;60;1;1,71;7;72;29;135;4
682;BRASIL;51;2;1,54;7;96;21;76;0
683;BRASIL;53;2;1,72;7;120;16;161;1
684;ARGENTINA;37;2;1,64;5;66;-3;35;0
685;ARGENTINA;26;2;1,73;2;73;8;128;5
686;ARGENTINA;28;1;1,64;7;199;16;78;3
687;CANADA;33;1;1,76;5;272;-2;36;4
688;ARGENTINA;57;1;1,69;7;17;14;191;0
689;ARGENTINA;34;2;1,73;5;219;-8;168;4
690;ARGENTINA;51;1;1,65;7;77;4;32;0
691;ARGENTINA;37;1;1,66;7;38;6;122;2
692;ARGENTINA;20;1;1,75;2;99;35;159;4
693;ARGENTINA;36;1;1,8;2;103;7;98;2
694;CANADA;15;1;1,76;1;281;-4;35;4
695;ARGENTINA;29;2;1,79;3;101;14;23;1
696;ARGENTINA;46;1;1,66;6;59;-1;20;3
697;ARGENTINA;24;1;1,85;3;65;20;10;2
698;CANADA;40;1;1,73;6;290;-1;129;2
699;CANADA;27;1;1,61;3;223;-10;70;12
700;CANADA;56;1;1,67;7;14;2;30;0
701;CANADA;28;1;1,64;5;111;0;45;0
702;ARGENTINA;42;2;1,62;1;102;5;121;8
703;ARGENTINA;19;2;1,55;2;49;15;162;2
704;BRASIL;52;1;1,67;7;107;23;175;1
705;ARGENTINA;41;2;1,76;7;92;7;107;1
706;ARGENTINA;25;1;1,62;3;143;12;50;0
707;ARGENTINA;50;1;1,7;7;81;10;155;1
708;ARGENTINA;18;2;1,69;4;112;15;39;8
709;CANADA;28;1;1,83;2;113;-6;194;2
710;CANADA;55;1;1,65;7;234;6;115;8
711;ARGENTINA;59;1;1,69;7;93;11;181;1
712;BRASIL;53;1;1,77;7;45;10;50;1
713;CANADA;60;2;1,66;7;17;8;152;1
714;BRASIL;36;2;1,61;5;165;21;153;8
715;BRASIL;25;1;1,63;3;84;20;109;2
716;ARGENTINA;42;1;1,71;7;67;14;188;3
717;CANADA;31;1;1,82;5;296;-5;153;0
718;BRASIL;31;2;1,62;5;114;23;45;10
719;CANADA;20;2;1,72;2;300;2;23;1
720;ARGENTINA;47;2;1,72;4;59;7;25;5
721;CANADA;20;2;1,81;5;35;-2;172;3
722;CANADA;15;2;1,58;2;160;-6;37;0
723;BRASIL;28;2;1,77;4;126;17;115;8
724;BRASIL;19;1;1,58;3;108;20;85;8
725;CANADA;18;2;1,72;2;31;-2;14;1
726;ARGENTINA;44;2;1,65;5;52;9;148;1
727;ARGENTINA;26;2;1,83;2;18;5;100;0
728;ARGENTINA;16;2;1,61;2;84;5;25;1
729;ARGENTINA;14;2;1,62;2;190;18;126;1
730;BRASIL;13;2;1,69;2;20;11;106;1
731;CANADA;44;2;1,71;2;30;2;47;2
732;ARGENTINA;14;1;1,7;1;83;10;56;8
733;CANADA;25;1;1,81;3;51;-7;65;0
734;BRASIL;34;1;1,59;5;127;28;189;2
735;ARGENTINA;59;1;1,66;7;122;-2;12;0
736;ARGENTINA;17;1;1,56;1;39;17;54;0
737;ARGENTINA;36;1;1,57;5;80;7;29;2
738;CANADA;53;2;1,69;7;72;-6;144;4
739;BRASIL;24;1;1,65;1;194;16;137;0
740;ARGENTINA;55;1;1,65;4;58;9;151;0
741;BRASIL;51;2;1,57;7;112;16;105;3
742;ARGENTINA;24;2;1,55;4;31;14;152;2
743;CANADA;15;1;1,72;1;320;-2;88;1
744;ARGENTINA;38;2;1,68;2;61;13;28;3
745;ARGENTINA;43;2;1,58;7;200;6;163;9
746;ARGENTINA;50;2;1,73;7;53;26;57;0
747;BRASIL;30;1;1,61;4;128;18;51;2
748;ARGENTINA;26;1;1,76;5;19;0;137;0
749;BRASIL;19;2;1,74;2;182;16;118;5
750;ARGENTINA;47;1;1,76;6;92;17;187;0
751;ARGENTINA;44;1;1,62;7;46;6;76;1
752;ARGENTINA;35;2;1,58;5;37;13;175;1
753;ARGENTINA;17;2;1,66;2;164;14;6;6
754;CANADA;33;2;1,64;5;235;6;87;0
755;ARGENTINA;47;2;1,67;5;22;26;145;1
756;BRASIL;48;2;1,59;3;137;0;53;0
757;CANADA;59;1;1,69;7;164;24;131;8
758;ARGENTINA;24;1;1,82;3;99;13;22;5
759;CANADA;13;2;1,61;2;156;23;42;4
760;ARGENTINA;15;2;1,5;2;63;18;41;0
761;CANADA;60;1;1,77;7;11;9;54;0
762;CANADA;30;1;1,86;2;324;8;98;0
763;ARGENTINA;26;1;1,66;2;43;6;137;0
764;BRASIL;40;1;1,7;5;110;20;133;0
765;CANADA;25;2;1,73;3;25;4;19;1
766;CANADA;46;2;1,58;4;71;-5;140;2
767;ARGENTINA;57;2;1,68;7;28;-9;80;0
768;BRASIL;14;2;1,66;2;13;9;8;0
769;BRASIL;21;1;1,93;3;55;7;21;1
770;BRASIL;22;2;1,67;5;76;12;123;1
771;ARGENTINA;48;2;1,63;7;282;6;94;3
772;CANADA;26;2;1,68;4;73;14;39;0
773;ARGENTINA;52;2;1,67;7;47;9;23;2
774;ARGENTINA;39;2;1,86;7;77;-9;107;2
775;BRASIL;15;2;1,7;2;123;24;7;7
776;CANADA;51;2;1,55;7;288;13;56;1
777;CANADA;59;1;1,78;7;30;5;123;1
778;ARGENTINA;29;2;1,64;3;216;9;27;15
779;ARGENTINA;18;2;1,71;2;37;6;17;2
780;CANADA;16;2;1,59;2;16;9;23;0
781;BRASIL;23;1;1,85;3;144;20;114;8
782;ARGENTINA;58;2;1,55;7;86;-4;39;0
783;ARGENTINA;24;2;1,58;6;108;-10;23;7
784;ARGENTINA;45;1;1,63;6;22;13;75;1
785;CANADA;42;2;1,5;1;52;-11;72;1
786;ARGENTINA;45;2;1,64;2;262;17;130;6
787;BRASIL;51;1;1,6;7;168;16;148;2
788;CANADA;39;2;1,54;4;43;-12;98;0
789;BRASIL;30;1;1,53;5;233;17;6;0
790;CANADA;16;1;1,79;1;143;22;71;0
791;ARGENTINA;28;2;1,63;2;47;18;136;2
792;ARGENTINA;14;2;1,67;2;109;20;73;0
793;CANADA;29;2;1,59;5;162;-3;36;5
794;CANADA;35;2;1,74;5;240;18;29;0
795;CANADA;43;1;1,71;4;130;-11;85;3
796;ARGENTINA;23;2;1,68;4;27;18;63;2
797;CANADA;19;2;1,62;4;154;19;175;8
798;ARGENTINA;35;2;1,7;5;56;32;162;0
799;ARGENTINA;52;1;1,58;7;118;18;84;20
800;BRASIL;20;1;1,73;28;104;20;111;2
801;ARGENTINA;34;2;1,64;5;182;29;52;2
802;BRASIL;37;2;1,63;5;121;34;131;5
803;ARGENTINA;16;2;1,64;2;129;8;171;0
804;CANADA;17;1;1,8;1;35;6;138;1
805;BRASIL;42;1;1,7;6;124;24;132;8
806;ARGENTINA;24;2;1,66;2;62;5;86;0
807;ARGENTINA;22;1;1,9;3;71;19;108;0
808;ARGENTINA;46;2;1,71;6;72;18;41;3
809;CANADA;27;1;1,55;6;51;-3;66;3
810;BRASIL;38;2;1,74;2;151;3;60;0
811;ARGENTINA;26;2;1,65;4;96;6;116;3
812;CANADA;45;1;1,71;2;280;-12;78;16
813;CANADA;35;1;1,63;7;25;7;144;0
814;ARGENTINA;37;2;1,64;4;108;6;73;0
815;ARGENTINA;56;2;1,69;7;82;2;96;4
816;BRASIL;27;2;1,6;4;80;18;83;2
817;ARGENTINA;43;1;1,65;6;220;10;64;1
818;CANADA;48;1;1,58;4;24;5;120;0
819;CANADA;27;2;1,67;3;28;9;33;2
820;ARGENTINA;12;2;1,66;2;12;9;106;1
821;ARGENTINA;23;2;1,62;2;119;15;171;4
822;BRASIL;48;2;1,69;5;159;23;169;1
823;ARGENTINA;38;2;1,57;5;61;12;46;0
824;CANADA;49;2;1,54;7;130;-11;180;0
825;ARGENTINA;42;1;1,74;6;112;13;117;2
826;ARGENTINA;56;1;1,65;7;171;28;69;3
827;BRASIL;19;1;1,67;3;350;18;187;1
828;CANADA;27;2;1,71;3;25;15;116;2
829;ARGENTINA;33;1;1,78;5;104;17;67;2
830;BRASIL;23;1;1,72;2;162;23;181;2
831;BRASIL;43;1;1,87;5;61;18;84;1
832;CANADA;19;1;1,63;3;130;-3;60;3
833;CANADA;29;2;1,54;5;14;5;24;0
834;ARGENTINA;53;1;1,6;7;303;17;61;3
835;ARGENTINA;22;2;1,83;3;21;18;69;0
836;CANADA;37;1;1,6;5;65;11;2680;2
837;BRASIL;38;1;1,71;7;151;17;70;5
838;CANADA;19;2;1,62;3;11;9;49;1
839;ARGENTINA;40;2;1,56;6;114;20;166;4
840;BRASIL;31;1;1,68;5;131;20;91;4
841;ARGENTINA;21;2;1,78;4;137;6;38;0
842;ARGENTINA;25;1;1,67;2;117;28;65;2
843;BRASIL;36;2;1,64;2;88;14;17;1
844;CANADA;28;1;1,77;3;61;-2;28;2
845;ARGENTINA;29;2;1,59;6;107;16;190;0
846;BRASIL;34;1;1,79;4;101;20;59;1
847;ARGENTINA;50;2;1,65;7;132;18;125;2
848;BRASIL;17;2;1,49;2;28;25;8;1
849;CANADA;54;2;1,73;7;16;8;19;0
850;CANADA;38;1;1,61;5;171;-4;142;4
851;ARGENTINA;58;1;1,66;7;295;11;159;0
852;BRASIL;22;2;1,73;3;160;17;154;9
853;BRASIL;41;1;1,56;2;257;17;73;20
854;ARGENTINA;46;2;1,6;5;131;20;36;2
855;ARGENTINA;13;2;1,7;2;37;15;178;0
856;BRASIL;55;1;1,79;7;164;17;72;1
857;ARGENTINA;33;1;1,71;5;31;18;185;2
858;ARGENTINA;18;2;1,71;2;22;17;170;0
859;ARGENTINA;23;2;1,68;4;90;7;154;0
860;ARGENTINA;34;2;1,64;5;103;14;56;0
861;BRASIL;25;1;1,67;2;27;21;86;2
862;ARGENTINA;47;1;1,79;6;150;9;43;1
863;ARGENTINA;25;1;1,72;3;104;15;51;1
864;ARGENTINA;43;1;1,62;6;203;10;99;12
865;ARGENTINA;28;2;1,67;4;175;7;185;5
866;CANADA;23;2;1,55;3;22;9;48;1
867;BRASIL;14;1;1,68;1;176;22;7;0
868;CANADA;12;2;1,75;2;14;5;123;1
869;BRASIL;16;1;1,67;1;163;5;136;0
870;ARGENTINA;50;2;1,69;7;68;7;47;0
871;ARGENTINA;28;1;1,77;7;99;29;180;2
872;ARGENTINA;24;2;1,65;3;10;10;151;0
873;ARGENTINA;43;2;1,74;5;319;8;25;0
874;BRASIL;28;2;1,62;4;176;17;73;8
875;CANADA;38;2;1,71;5;45;-4;183;2
876;CANADA;55;2;1,63;7;110;7;140;0
877;ARGENTINA;51;1;1,66;7;37;20;60;1
878;ARGENTINA;30;2;1,67;5;93;19;34;1
879;ARGENTINA;33;1;1,56;4;57;24;51;2
880;ARGENTINA;50;1;1,59;7;30;16;74;0
881;BRASIL;25;1;1,53;3;113;13;96;2
882;ARGENTINA;35;1;1,73;5;193;15;127;4
883;BRASIL;20;2;1,61;7;133;10;39;0
884;ARGENTINA;47;1;1,63;5;89;14;58;0
885;CANADA;49;2;1,7;7;76;-6;156;8
886;ARGENTINA;18;2;1,81;2;41;20;44;2
887;CANADA;54;1;1,54;7;132;8;82;2
888;ARGENTINA;33;2;1,6;2;139;17;11;1
889;ARGENTINA;22;1;1,65;3;31;18;34;0
890;ARGENTINA;56;2;1,74;7;168;13;106;0
891;BRASIL;46;2;1,64;6;95;24;91;2
892;ARGENTINA;42;2;1,58;6;85;6;27;1
893;BRASIL;22;2;1,63;5;17;11;22;1
894;CANADA;60;2;1,62;7;123;-7;169;8
895;CANADA;42;2;1,5;6;324;-11;111;6
896;ARGENTINA;37;1;1,6;4;49;21;40;2
897;ARGENTINA;36;1;1,61;2;115;16;76;1
898;CANADA;19;2;1,67;2;33;-1;80;2
899;BRASIL;34;1;1,55;2;35;-2;65;1
900;ARGENTINA;22;2;1,62;4;101;35;132;10
901;ARGENTINA;20;2;1,65;5;200;12;192;1
902;ARGENTINA;20;2;1,74;3;275;18;137;4
903;CANADA;15;2;1,69;2;188;5;129;1
904;ARGENTINA;35;2;1,68;5;170;8;98;1
905;CANADA;36;2;1,65;5;15;3;116;0
906;ARGENTINA;21;1;1,69;3;79;7;126;0
907;ARGENTINA;26;1;1,73;8;152;34;65;3
908;CANADA;45;1;1,67;6;105;11;93;1
909;BRASIL;22;2;1,64;3;47;19;138;1
910;ARGENTINA;33;2;1,67;5;148;8;154;1
911;CANADA;53;1;1,7;7;18;2;14;1
912;ARGENTINA;34;2;1,67;5;65;0;46;2
913;BRASIL;48;2;1,67;1;42;20;91;1
914;BRASIL;19;1;1,66;5;151;20;120;4
915;ARGENTINA;25;2;1,58;4;96;13;27;5
916;ARGENTINA;40;2;1,68;7;91;15;25;0
917;ARGENTINA;19;1;1,73;3;18;29;38;1
918;ARGENTINA;18;1;1,64;7;156;22;130;8
919;ARGENTINA;14;2;1,5;1;53;18;188;0
920;CANADA;35;1;1,65;1;62;-8;184;2
921;ARGENTINA;54;1;1,67;2;88;9;32;0
922;BRASIL;39;2;1,76;5;63;0;197;2
923;CANADA;19;2;1,64;2;127;2;78;0
924;CANADA;34;2;1,54;2;56;-3;111;1
925;ARGENTINA;49;2;1,64;5;146;5;20;4
926;ARGENTINA;55;2;1,68;7;298;8;24;11
927;ARGENTINA;51;2;1,65;7;210;20;30;1
928;ARGENTINA;24;1;1,76;2;73;12;101;1
929;CANADA;21;2;1,73;3;77;13;48;5
930;BRASIL;31;2;1,54;5;169;22;145;5
931;ARGENTINA;52;1;1,65;7;117;20;69;1
932;ARGENTINA;40;2;1,53;7;40;8;187;0
933;ARGENTINA;57;2;1,64;7;61;8;133;1
934;ARGENTINA;47;2;1,62;5;196;-10;48;9
935;ARGENTINA;23;2;1,64;1;34;13;106;2
936;CANADA;57;1;1,64;7;83;-6;100;2
937;ARGENTINA;47;2;1,68;7;104;12;92;3
938;CANADA;20;2;1,6;3;84;-8;90;5
939;ARGENTINA;31;2;1,61;5;174;3;153;8
940;ARGENTINA;14;2;1,53;2;97;16;141;0
941;ARGENTINA;21;1;1,77;3;24;5;88;1
942;ARGENTINA;41;1;1,61;6;112;7;16;2
943;ARGENTINA;37;2;1,68;4;74;9;123;8
944;ARGENTINA;23;1;1,9;3;74;18;13;2
945;BRASIL;35;2;1,61;5;87;19;135;2
946;CANADA;34;1;1,78;2;118;0;130;0
947;ARGENTINA;28;1;1,67;3;31;8;109;2
948;ARGENTINA;31;1;1,74;5;311;10;109;4
949;ARGENTINA;57;2;1,69;7;261;27;28;24
950;BRASIL;19;1;1,6;2;119;22;146;3
951;ARGENTINA;54;2;1,64;7;110;7;140;8
952;ARGENTINA;39;2;1,54;5;84;6;51;3
953;CANADA;20;2;1,73;3;14;3;20;1
954;CANADA;19;1;1,8;7;133;8;45;0
955;BRASIL;42;2;1,68;5;166;19;63;1
956;ARGENTINA;49;1;1,63;6;270;-3;130;9
957;ARGENTINA;59;1;1,65;7;246;-5;200;3
958;CANADA;59;2;1,65;7;62;-4;193;6
959;CANADA;28;2;1,59;1;132;-6;54;4
960;CANADA;40;2;1,6;6;32;-3;176;0
961;BRASIL;42;1;1,79;6;58;7;73;0
962;CANADA;26;2;1,63;4;21;-1;177;0
963;CANADA;29;2;1,67;3;16;1;8;1
964;CANADA;21;2;1,63;4;156;-6;71;0
965;ARGENTINA;44;2;1,75;6;41;8;135;0
966;BRASIL;45;1;1,72;6;90;17;128;8
967;CANADA;18;2;1,64;1;218;2;160;0
968;CANADA;48;1;1,75;4;126;-9;49;2
969;CANADA;32;1;1,64;4;28;-1;106;1
970;ARGENTINA;14;2;1,62;2;47;9;138;2
971;CANADA;35;1;1,73;6;129;10;89;3
972;CANADA;14;2;1,5;2;161;-10;100;4
973;CANADA;20;1;1,68;5;210;-9;30;8
974;ARGENTINA;16;2;1,73;1;103;9;171;8
975;ARGENTINA;22;2;1,68;4;77;15;144;8
976;ARGENTINA;25;2;1,61;4;14;12;185;0
977;ARGENTINA;14;1;1,68;1;42;7;140;0
978;ARGENTINA;18;1;1,61;3;330;16;6;3
979;CANADA;28;2;1,61;1;53;-6;159;2
980;CANADA;47;1;1,84;2;255;-10;124;6
981;ARGENTINA;31;2;1,64;2;102;-9;44;4
982;ARGENTINA;22;2;1,68;3;52;-3;120;0
983;BRASIL;34;1;1,79;5;46;5;59;3
984;CANADA;32;2;1,68;5;241;-1;191;3
985;ARGENTINA;56;1;1,66;7;94;8;79;3
986;ARGENTINA;20;2;1,68;1;148;11;145;8
987;ARGENTINA;29;1;1,69;3;70;8;136;0
988;ARGENTINA;23;1;1,63;7;75;16;134;8
989;ARGENTINA;30;2;1,64;5;120;11;6;12
990;ARGENTINA;54;1;1,81;7;26;23;131;2
991;ARGENTINA;36;2;1,54;5;40;17;137;3
992;CANADA;58;2;1,76;7;200;-9;14;2
993;ARGENTINA;14;2;1,67;2;102;14;72;3
994;CANADA;45;2;1,74;7;120;-7;82;6
995;ARGENTINA;20;2;1,65;2;45;19;113;3
996;ARGENTINA;32;2;1,61;2;97;18;113;0
997;BRASIL;31;2;1,67;5;37;-1;92;1
998;ARGENTINA;22;1;1,62;7;82;-3;190;0
999;ARGENTINA;40;1;1,64;6;118;9;110;0
1000;CANADA;17;2;1,68;2;83;-4;25;8
1001;BRASIL;34;2;1,57;5;151;20;191;13
1002;ARGENTINA;25;2;1,61;5;337;17;94;8
1003;ARGENTINA;37;2;1,62;2;107;17;169;1
1004;BRASIL;22;1;1,71;2;65;36;86;1
1005;ARGENTINA;19;2;1,64;1;47;34;48;1
1006;BRASIL;50;1;1,65;7;137;21;60;4
1007;BRASIL;56;1;1,57;7;46;13;17;0
1008;CANADA;38;1;1,58;7;66;-8;132;0
1009;CANADA;15;2;1,63;2;66;-1;156;3
1010;CANADA;18;1;1,8;3;26;6;181;0
1011;ARGENTINA;18;1;1,83;3;43;17;31;0
1012;ARGENTINA;46;2;1,66;2;195;-3;149;6
1013;ARGENTINA;28;1;1,8;3;43;-3;44;1
1014;ARGENTINA;45;1;1,64;5;95;15;166;0
1015;ARGENTINA;29;2;1,69;3;157;18;113;3
1016;ARGENTINA;28;1;1,67;3;94;19;180;0
1017;ARGENTINA;29;1;1,73;2;111;13;82;0
1018;CANADA;46;2;1,56;7;61;-5;90;0
1019;ARGENTINA;44;2;1,63;5;97;8;85;1
1020;BRASIL;21;2;1,81;3;193;11;107;0
1021;CANADA;38;2;1,65;2;17;2;141;1
1022;CANADA;41;2;1,63;6;81;-6;180;5
1023;CANADA;52;2;1,65;7;111;10;166;1
1024;BRASIL;24;2;1,68;1;180;16;141;15
1025;BRASIL;39;2;1,76;5;75;9;154;8
1026;CANADA;40;1;1,65;7;20;10;82;1
1027;ARGENTINA;40;1;1,75;6;14;16;84;1
1028;ARGENTINA;26;1;1,8;3;156;5;183;0
1029;ARGENTINA;45;2;1,58;2;129;29;24;2
1030;CANADA;25;1;1,73;5;10;4;6;0
1031;BRASIL;32;1;1,56;5;70;24;193;2
1032;ARGENTINA;17;2;1,64;2;53;16;19;3
1033;ARGENTINA;52;2;1,59;7;29;26;107;3
1034;BRASIL;49;2;1,59;3;103;24;138;2
1035;ARGENTINA;42;2;1,59;4;60;8;172;4
1036;ARGENTINA;45;2;1,67;7;77;-6;115;4
1037;ARGENTINA;16;2;1,68;2;99;7;109;0
1038;ARGENTINA;32;1;1,8;6;131;7;30;1
1039;CANADA;26;1;1,79;3;174;-9;9;5
1040;ARGENTINA;28;2;1,67;4;34;5;64;1
1041;BRASIL;25;1;1,75;3;95;23;53;6
1042;CANADA;49;1;1,68;6;126;-9;110;1
1043;ARGENTINA;17;2;1,73;2;110;-1;169;1
1044;CANADA;24;2;1,6;4;18;7;102;1
1045;ARGENTINA;47;1;1,71;6;21;10;124;0
1046;ARGENTINA;36;1;1,6;5;113;19;153;0
1047;CANADA;24;2;1,67;1;35;-1;70;0
1048;ARGENTINA;43;1;1,62;6;80;8;171;2
1049;ARGENTINA;41;1;1,63;6;48;7;107;0
1050;ARGENTINA;50;1;1,5;7;74;12;91;0
1051;CANADA;25;2;1,62;4;242;-4;157;5
1052;CANADA;19;2;1,68;3;38;-1;9;1
1053;ARGENTINA;26;1;1,61;4;28;17;65;0
1054;ARGENTINA;28;2;1,62;5;85;12;182;2
1055;ARGENTINA;48;1;1,8;6;115;-8;16;0
1056;ARGENTINA;45;2;1,76;5;166;16;30;6
1057;CANADA;57;2;1,73;7;190;-7;146;20
1058;BRASIL;44;1;1,75;2;51;19;179;1
1059;ARGENTINA;20;2;1,54;2;49;20;50;3
1060;ARGENTINA;56;2;1,61;7;337;9;113;19
1061;ARGENTINA;47;1;1,71;6;300;7;174;3
1062;BRASIL;19;2;1,63;1;92;5;93;8
1063;CANADA;24;1;1,68;3;67;-12;39;0
1064;CANADA;38;1;1,63;1;44;15;133;3
1065;ARGENTINA;53;2;1,71;7;80;25;32;5
1066;ARGENTINA;28;1;1,66;3;90;6;141;3
1067;CANADA;51;1;1,7;7;31;12;54;1
1068;CANADA;15;2;1,66;2;288;0;27;0
1069;CANADA;33;2;1,56;4;32;-4;195;1
1070;ARGENTINA;48;1;1,57;6;146;9;67;8
1071;BRASIL;21;2;1,56;4;148;17;139;0
1072;ARGENTINA;19;1;1,63;3;164;32;160;5
1073;ARGENTINA;58;2;1,73;7;30;10;154;2
1074;ARGENTINA;19;1;1,61;3;120;18;11;1
1075;ARGENTINA;17;2;1,71;2;220;18;69;15
1076;ARGENTINA;21;1;1,62;5;78;7;11;1
1077;ARGENTINA;53;2;1,69;7;162;-7;37;3
1078;ARGENTINA;28;1;1,63;2;34;5;89;3
1079;ARGENTINA;28;2;1,69;4;111;13;33;2
1080;CANADA;27;2;1,57;3;93;14;50;0
1081;CANADA;29;1;1,66;3;140;9;109;1
1082;CANADA;51;2;1,64;7;112;7;175;1
1083;ARGENTINA;32;1;1,58;7;61;18;169;0
1084;CANADA;21;1;1,7;4;81;-5;156;8
1085;ARGENTINA;27;1;1,79;3;35;17;52;0
1086;ARGENTINA;58;1;1,62;7;16;20;58;1
1087;ARGENTINA;28;2;1,73;1;76;6;9;4
1088;ARGENTINA;59;2;1,65;7;39;-2;48;3
1089;ARGENTINA;29;2;1,69;1;30;8;195;1
1090;CANADA;49;1;1,67;6;112;14;172;1
1091;BRASIL;48;2;1,61;5;108;16;140;0
1092;ARGENTINA;47;1;1,76;6;109;24;65;3
1093;ARGENTINA;57;1;1,66;7;168;33;94;1
1094;BRASIL;15;2;1,68;2;139;16;134;6
1095;CANADA;30;2;1,69;2;35;0;183;2
1096;ARGENTINA;21;2;1,67;3;44;15;167;0
1097;ARGENTINA;57;2;1,66;7;75;12;34;1
1098;ARGENTINA;17;2;1,64;2;46;-1;6;0
1099;BRASIL;25;2;1,51;4;172;16;144;1
1100;ARGENTINA;19;1;1,6;2;186;10;95;3
1101;ARGENTINA;15;1;1,8;1;91;8;124;0
1102;ARGENTINA;22;2;1,55;2;115;14;127;12
1103;CANADA;58;1;1,72;5;285;22;53;6
1104;BRASIL;48;2;1,54;7;45;12;186;0
1105;CANADA;45;2;1,53;6;63;-4;62;0
1106;BRASIL;58;2;1,69;7;30;22;75;3
1107;ARGENTINA;23;2;1,66;1;55;15;65;0
1108;ARGENTINA;40;1;1,71;7;66;16;37;3
1109;ARGENTINA;50;2;1,63;7;44;17;175;1
1110;ARGENTINA;53;2;1,6;7;36;17;196;2
1111;ARGENTINA;43;2;1,68;2;53;-3;56;0
1112;BRASIL;19;1;1,56;3;15;131;70;1
1113;CANADA;57;2;1,7;7;212;6;65;0
1114;ARGENTINA;16;2;1,49;2;130;6;70;1
1115;ARGENTINA;49;1;1,65;6;269;9;81;8
1116;CANADA;49;2;1,62;7;22;6;74;0
1117;CANADA;43;1;1,59;6;17;1;163;1
1118;ARGENTINA;17;1;1,7;4;177;8;85;2
1119;BRASIL;42;2;1,69;6;156;23;121;8
1120;CANADA;39;1;1,56;5;190;6;32;0
1121;BRASIL;58;1;1,64;7;309;8;154;3
1122;ARGENTINA;24;2;1,56;2;94;11;100;5
1123;BRASIL;49;2;1,55;6;171;23;149;2
1124;ARGENTINA;38;2;1,54;5;29;9;23;2
1125;ARGENTINA;16;2;1,59;1;100;16;174;5
1126;ARGENTINA;52;2;1,68;7;64;2;125;0
1127;BRASIL;25;1;1,52;3;306;14;25;3
1128;CANADA;45;1;1,65;6;161;-1;71;6
1129;CANADA;41;1;1,67;2;128;3;102;3
1130;ARGENTINA;41;1;1,69;7;48;9;25;2
1131;CANADA;36;2;1,8;2;210;-9;170;17
1132;ARGENTINA;21;2;1,73;4;158;30;24;8
1133;ARGENTINA;21;2;1,64;1;16;-3;167;1
1134;CANADA;51;1;1,59;7;250;-7;146;20
1135;ARGENTINA;26;2;1,72;2;161;8;98;1
1136;ARGENTINA;26;2;1,7;3;82;34;36;6
1137;CANADA;46;2;1,62;4;88;-9;81;2
1138;CANADA;51;1;1,57;7;25;-2;85;2
1139;ARGENTINA;36;2;1,66;5;80;16;105;4
1140;BRASIL;46;1;1,59;6;67;22;150;0
1141;ARGENTINA;59;1;1,81;7;20;12;104;0
1142;ARGENTINA;19;2;1,51;2;104;13;178;8
1143;ARGENTINA;17;1;1,69;1;104;9;23;1
1144;ARGENTINA;48;2;1,69;1;35;9;76;1
1145;CANADA;45;1;1,8;1;139;16;135;1
1146;BRASIL;19;1;1,57;3;42;10;75;1
1147;BRASIL;51;2;1,59;7;28;16;39;0
1148;CANADA;20;2;1,76;4;18;8;30;0
1149;BRASIL;17;1;1,63;1;310;18;137;30
1150;ARGENTINA;46;1;1,64;5;54;15;160;0
1151;ARGENTINA;47;2;1,73;7;62;11;77;1
1152;ARGENTINA;23;2;1,63;3;185;0;107;1
1153;ARGENTINA;31;2;1,62;5;244;30;123;0
1154;ARGENTINA;27;2;1,68;3;82;9;117;2
1155;ARGENTINA;37;2;1,74;5;44;11;132;0
1156;CANADA;43;2;1,56;5;77;13;141;1
1157;ARGENTINA;29;2;1,68;1;8;94;189;0
1158;CANADA;42;1;1,55;6;31;-9;94;0
1159;ARGENTINA;35;2;1,72;7;111;15;90;1
1160;BRASIL;29;2;1,63;5;47;19;73;2
1161;ARGENTINA;20;2;1,63;4;112;18;163;0
1162;CANADA;54;1;1,72;7;310;4;30;0
1163;ARGENTINA;59;1;1,79;2;85;29;78;3
1164;CANADA;47;2;1,7;7;127;-8;115;8
1165;CANADA;45;2;1,63;5;180;7;27;1
1166;CANADA;27;2;1,64;1;130;1;110;0
1167;ARGENTINA;23;2;1,58;2;98;19;85;4
1168;BRASIL;20;2;1,53;4;167;19;103;15
1169;ARGENTINA;33;2;1,69;5;47;-2;96;3
1170;ARGENTINA;58;1;1,66;7;115;7;156;4
1171;ARGENTINA;9;2;1,61;7;16;7;20;19
1172;ARGENTINA;30;2;1,68;2;149;8;67;5
1173;ARGENTINA;24;1;1,59;3;86;7;147;3
1174;CANADA;35;2;1,63;4;13;0;69;1
1175;ARGENTINA;48;2;1,6;4;308;29;165;7
1176;ARGENTINA;33;1;1,86;5;63;27;97;2
1177;BRASIL;34;1;1,71;7;116;13;123;1
1178;BRASIL;32;2;1,52;5;44;18;190;1
1179;ARGENTINA;17;1;1,57;2;110;13;84;8
1180;ARGENTINA;43;1;1,86;6;57;7;101;3
1181;ARGENTINA;29;2;1,69;1;65;17;145;0
1182;ARGENTINA;28;2;1,59;2;101;17;91;6
1183;ARGENTINA;21;2;1,62;4;72;18;175;0
1184;CANADA;22;1;1,67;3;23;5;88;1
1185;ARGENTINA;55;2;1,64;7;17;8;115;0
1186;ARGENTINA;49;2;1,63;5;106;13;80;0
1187;ARGENTINA;56;2;1,63;7;23;-1;111;1
1188;ARGENTINA;51;1;1,65;7;77;18;66;1
1189;BRASIL;45;2;1,64;3;88;4;59;8
1190;ARGENTINA;26;2;1,52;1;41;9;12;0
1191;ARGENTINA;54;2;1,63;6;181;23;16;10
1192;CANADA;23;2;1,69;2;32;-1;18;2
1193;ARGENTINA;16;2;1,58;1;104;14;184;4
1194;CANADA;54;1;1,6;7;228;3;33;3
1195;BRASIL;17;2;1,57;2;47;9;117;4
1196;ARGENTINA;13;2;1,52;2;88;20;113;1
1197;BRASIL;24;2;1,66;2;37;18;7;2
1198;ARGENTINA;22;2;1,62;1;79;-5;89;2
1199;ARGENTINA;41;2;1,61;1;265;16;152;10
1200;BRASIL;22;1;1,67;3;132;18;57;14
1201;BRASIL;27;2;1,53;5;158;20;138;4
1202;ARGENTINA;52;2;1,67;7;18;-9;173;0
1203;CANADA;51;2;1,63;7;32;3;43;3
1204;ARGENTINA;41;1;1,64;6;107;7;20;2
1205;ARGENTINA;30;1;1,6;2;97;8;122;8
1206;ARGENTINA;32;1;1,66;5;101;7;144;9
1207;BRASIL;43;1;1,69;6;270;21;195;2
1208;ARGENTINA;56;2;1,52;7;11;8;80;1
1209;ARGENTINA;55;1;1,65;1;105;29;72;3
1210;ARGENTINA;27;2;1,76;7;48;4;72;2
1211;ARGENTINA;19;2;1,62;2;80;16;131;8
1212;BRASIL;58;2;1,81;7;129;17;144;4
1213;ARGENTINA;24;1;1,63;3;112;-8;145;1
1214;BRASIL;56;2;1,55;7;276;23;103;16
1215;ARGENTINA;16;2;1,62;2;70;-6;177;2
1216;BRASIL;18;1;1,68;3;198;18;109;0
1217;ARGENTINA;41;1;1,65;4;10;18;148;1
1218;CANADA;47;2;1,76;6;43;-5;154;4
1219;BRASIL;43;2;1,71;2;41;18;112;2
1220;ARGENTINA;20;1;1,83;3;198;9;165;6
1221;ARGENTINA;27;1;1,69;3;80;8;164;0
1222;ARGENTINA;29;2;1,72;1;183;2;130;4
1223;CANADA;55;2;1,73;7;44;-5;71;1
1224;CANADA;56;1;1,64;6;173;-3;39;0
1225;ARGENTINA;29;1;1,68;2;33;6;7;2
1226;BRASIL;25;2;1,72;4;126;19;43;0
1227;ARGENTINA;50;2;1,68;7;25;7;37;0
1228;BRASIL;28;2;1,71;3;47;3;146;2
1229;ARGENTINA;47;1;1,57;5;285;13;32;1
1230;CANADA;34;1;1,67;5;227;9;118;1
1231;ARGENTINA;58;2;1,54;7;51;8;35;2
1232;ARGENTINA;51;2;1,66;5;55;17;175;0
1233;ARGENTINA;31;2;1,59;5;98;5;121;8
1234;CANADA;59;2;1,69;7;54;11;28;1
1235;ARGENTINA;34;1;1,63;4;112;8;192;0
1236;CANADA;41;2;1,54;5;310;0;63;2
1237;BRASIL;33;2;1,64;2;41;22;160;3
1238;ARGENTINA;15;2;1,72;2;160;15;154;0
1239;ARGENTINA;22;1;1,82;3;68;8;189;1
1240;CANADA;48;2;1,72;6;334;-5;127;12
1241;ARGENTINA;56;1;1,68;7;58;17;71;2
1242;CANADA;59;1;1,66;7;138;22;33;0
1243;ARGENTINA;39;2;1,7;2;45;15;108;0
1244;ARGENTINA;44;2;1,77;2;76;6;126;3
1245;ARGENTINA;24;1;1,59;3;41;13;8;0
1246;ARGENTINA;46;2;1,68;2;61;14;131;2
1247;BRASIL;50;2;1,62;7;57;20;193;0
1248;ARGENTINA;51;2;1,63;7;112;12;68;9
1249;ARGENTINA;23;2;1,51;1;186;28;196;5
1250;ARGENTINA;35;2;1,65;5;94;7;24;4
1251;ARGENTINA;18;2;1,77;5;46;8;37;0
1252;BRASIL;50;2;1,57;7;68;22;33;1
1253;ARGENTINA;53;2;1,67;5;51;-3;70;1
1254;BRASIL;19;1;1,68;7;96;17;116;7
1255;BRASIL;51;2;1,73;7;146;17;171;0
1256;ARGENTINA;17;2;1,65;2;165;10;130;1
1257;ARGENTINA;11;1;1,55;1;78;19;129;0
1258;ARGENTINA;25;1;1,81;5;75;6;50;2
1259;ARGENTINA;32;2;1,77;1;33;14;22;2
1260;ARGENTINA;47;1;1,67;6;251;18;52;3
1261;CANADA;53;2;1,73;7;31;1;85;3
1262;CANADA;44;2;1,71;6;12;1;110;1
1263;BRASIL;23;1;1,63;3;66;19;16;1
1264;CANADA;24;2;1,62;3;12;5;162;1
1265;ARGENTINA;48;2;1,57;6;110;8;188;1
1266;CANADA;24;2;1,6;4;91;12;149;2
1267;ARGENTINA;54;1;1,78;7;48;14;5;4
1268;CANADA;23;1;1,65;7;65;-1;162;6
1269;BRASIL;13;1;1,72;1;114;0;67;2
1270;ARGENTINA;47;1;1,61;4;37;29;147;2
1271;BRASIL;37;2;1,8;7;142;16;78;0
1272;CANADA;25;2;1,64;6;216;1;186;0
1273;BRASIL;29;1;1,61;3;131;19;153;5
1274;CANADA;21;1;1,68;3;237;-5;126;0
1275;BRASIL;12;1;1,54;7;88;16;140;0
1276;ARGENTINA;50;2;1,68;7;239;9;55;1
1277;BRASIL;16;1;1,66;1;47;8;70;3
1278;BRASIL;33;1;1,66;1;193;24;147;16
1279;ARGENTINA;36;2;1,53;5;86;18;42;4
1280;ARGENTINA;33;1;1,69;7;187;13;119;2
1281;CANADA;35;2;1,68;5;13;0;16;0
1282;CANADA;42;1;1,72;6;23;4;94;0
1283;BRASIL;57;1;1,65;7;67;7;58;2
1284;ARGENTINA;17;2;1,65;2;60;14;54;0
1285;ARGENTINA;41;2;1,67;5;316;8;142;15
1286;ARGENTINA;58;1;1,54;7;101;16;59;9
1287;BRASIL;31;2;1,58;5;69;30;129;2
1288;ARGENTINA;55;1;1,61;7;18;10;147;0
1289;ARGENTINA;56;2;1,74;7;90;22;142;6
1290;ARGENTINA;35;2;1,58;7;112;16;147;4
1291;ARGENTINA;51;1;1,71;7;10;13;95;1
1292;ARGENTINA;29;1;1,55;2;62;-3;60;4
1293;BRASIL;53;2;1,71;7;177;21;58;14
1294;BRASIL;23;1;1,62;3;79;11;121;8
1295;ARGENTINA;20;2;1,67;3;240;18;50;8
1296;ARGENTINA;47;1;1,56;6;79;20;59;8
1297;CANADA;42;1;1,57;6;23;1;55;0
1298;CANADA;19;2;1,71;1;14;10;46;0
1299;CANADA;39;1;1,59;5;23;0;139;1
1300;BRASIL;58;1;1,66;7;315;18;76;6
1301;ARGENTINA;51;1;1,68;7;79;29;30;2
1302;CANADA;56;2;1,66;7;28;9;190;0
1303;CANADA;41;1;1,67;4;120;2;48;0
1304;ARGENTINA;21;2;1,59;3;29;18;45;0
1305;BRASIL;18;2;1,58;3;255;12;13;1
1306;ARGENTINA;22;2;1,53;1;37;7;187;3
1307;ARGENTINA;27;2;1,55;2;44;6;90;0
1308;CANADA;17;2;1,82;2;11;6;134;0
1309;ARGENTINA;42;1;1,69;6;78;18;20;2
1310;BRASIL;38;1;1,73;7;85;18;31;0
1311;ARGENTINA;35;2;1,75;2;74;8;63;1
1312;BRASIL;37;2;1,68;5;189;17;57;15
1313;ARGENTINA;29;2;1,64;2;258;19;140;5
1314;ARGENTINA;37;2;1,6;5;102;19;171;7
1315;ARGENTINA;51;1;1,65;7;200;16;89;11
1316;ARGENTINA;14;1;1,7;2;222;22;138;4
1317;CANADA;21;1;1,69;2;124;7;55;0
1318;CANADA;18;1;1,67;3;28;0;169;2
1319;ARGENTINA;52;1;1,59;7;39;8;147;2
1320;ARGENTINA;28;2;1,51;1;82;10;36;2
1321;ARGENTINA;39;2;1,62;5;32;11;192;0
1322;ARGENTINA;58;2;1,57;7;37;11;198;1
1323;ARGENTINA;35;2;1,67;5;46;15;31;2
1324;CANADA;42;2;1,63;6;52;-8;90;3
1325;ARGENTINA;49;1;1,53;6;106;14;114;5
1326;CANADA;58;2;1,59;7;180;16;134;3
1327;ARGENTINA;45;1;1,56;6;18;6;120;1
1328;ARGENTINA;16;1;1,66;1;247;18;46;8
1329;ARGENTINA;35;2;1,75;5;36;5;200;2
1330;CANADA;18;1;1,63;5;61;-9;28;0
1331;CANADA;18;2;1,66;2;95;-9;182;3
1332;ARGENTINA;24;1;1,57;2;63;7;72;0
1333;BRASIL;25;1;1,65;3;56;19;30;2
1334;ARGENTINA;30;1;1,61;4;24;18;51;0
1335;ARGENTINA;25;2;1,65;4;102;23;166;0
1336;CANADA;54;2;1,7;7;19;1;123;0
1337;ARGENTINA;60;2;1,6;7;107;8;73;0
1338;CANADA;46;2;1,61;7;49;-1;58;2
1339;ARGENTINA;57;2;1,67;7;46;18;85;3
1340;BRASIL;27;2;1,83;3;86;25;131;5
1341;CANADA;30;2;1,63;2;29;6;153;2
1342;ARGENTINA;22;1;1,73;3;108;6;8;6
1343;ARGENTINA;19;2;1,66;1;41;8;71;3
1344;ARGENTINA;53;2;1,7;7;81;-2;90;1
1345;ARGENTINA;54;1;1,64;7;24;17;150;1
1346;BRASIL;19;1;1,63;3;180;17;166;16
1347;CANADA;42;2;1,57;6;17;13;115;0
1348;ARGENTINA;17;1;1,59;1;96;19;10;0
1349;BRASIL;22;1;1,65;3;187;18;42;17
1350;ARGENTINA;42;1;1,62;6;79;28;37;2
1351;CANADA;13;2;1,5;2;24;-3;12;1
1352;ARGENTINA;59;2;1,63;7;71;13;161;6
1353;ARGENTINA;40;2;1,6;6;43;18;15;4
1354;CANADA;57;2;1,71;7;21;2;174;0
1355;ARGENTINA;36;2;1,67;5;39;8;165;1
1356;ARGENTINA;36;1;1,56;4;49;-8;22;2
1357;BRASIL;35;2;1,66;2;74;8;31;4
1358;BRASIL;59;1;1,65;7;98;14;134;7
1359;ARGENTINA;54;1;1,8;7;158;21;99;0
1360;CANADA;45;1;1,69;7;52;-7;81;0
1361;ARGENTINA;35;2;1,7;5;80;6;17;1
1362;ARGENTINA;59;1;1,63;7;190;15;150;17
1363;ARGENTINA;16;2;1,67;5;238;14;39;8
1364;ARGENTINA;22;2;1,8;4;86;7;75;1
1365;ARGENTINA;88;2;1,62;7;0;32;2;75
1366;CANADA;50;1;1,64;7;132;17;80;13
1367;CANADA;54;2;1,74;7;36;-1;37;3
1368;ARGENTINA;19;2;1,71;2;183;6;178;2
1369;ARGENTINA;56;2;1,69;7;24;17;114;0
1370;ARGENTINA;43;2;1,62;7;220;22;39;14
1371;CANADA;54;1;1,73;7;100;-7;100;1
1372;CANADA;47;2;1,65;2;24;2;52;1
1373;BRASIL;44;1;1,66;6;177;20;67;9
1374;CANADA;24;2;1,68;4;11;0;74,5;0
1375;ARGENTINA;37;2;1,69;5;69;8;141;0
1376;ARGENTINA;26;1;1,58;2;151;14;148;1
1377;BRASIL;36;2;1,64;1;170;15;41;16
1378;ARGENTINA;41;1;1,66;5;33;8;95;2
1379;ARGENTINA;52;2;1,62;7;69;27;60;0
1380;CANADA;33;2;1,68;5;115;7;99;0
1381;CANADA;34;2;1,62;7;29;-2;41;2
1382;BRASIL;45;2;1,58;7;17;13;92;0
1383;ARGENTINA;32;2;1,65;5;57;-4;163;1
1384;ARGENTINA;16;2;1,59;2;30;10;106;1
1385;BRASIL;17;2;1,52;2;48;1;17;2
1386;BRASIL;49;2;1,69;5;91;17;69;0
1387;CANADA;36;2;1,75;2;26;-2;119;2
1388;CANADA;47;2;1,64;2;29;1;17;0
1389;BRASIL;38;1;1,63;2;116;6;173;2
1390;ARGENTINA;20;2;1,67;1;160;20;124;1
1391;ARGENTINA;26;2;1,6;4;84;18;34;2
1392;ARGENTINA;41;2;1,6;1;251;20;5;1
1393;CANADA;24;1;1,58;5;14;4;117;0
1394;CANADA;48;2;1,67;6;122;4;21;1
1395;BRASIL;52;1;1,63;7;106;16;83;1
1396;ARGENTINA;30;2;1,6;5;116;20;188;4
1397;CANADA;52;1;1,65;7;150;-7;193;4
1398;ARGENTINA;31;2;1,62;5;19;9;105;0
1399;BRASIL;41;2;1,62;7;164;24;166;0
1400;CANADA;57;2;1,52;6;178;-6;188;0
1401;ARGENTINA;41;2;1,8;4;198;8;148;1
1402;ARGENTINA;24;1;1,63;7;28;17;151;3
1403;ARGENTINA;51;2;1,66;7;23;12;75;1
1404;ARGENTINA;58;1;1,64;7;205;8;130;11
1405;CANADA;30;1;1,71;2;61;11;140;1
1406;ARGENTINA;34;1;1,79;5;119;8;72;0
1407;BRASIL;29;1;1,58;7;43;0;170;1
1408;BRASIL;50;2;1,68;7;139;23;134;0
1409;BRASIL;30;2;1,62;5;123;25;149;1
1410;ARGENTINA;33;2;1,68;5;106;5;169;3
1411;BRASIL;16;2;1,57;1;37;11;190;2
1412;ARGENTINA;39;2;1,63;5;115;17;172;2
1413;BRASIL;49;2;1,56;3;156;18;70;2
1414;BRASIL;22;2;1,59;2;109;23;165;3
1415;CANADA;22;1;1,54;3;89;14;162;0
1416;CANADA;24;2;1,71;4;33;4;82;1
1417;ARGENTINA;48;1;1,65;6;14;13;185;1
1418;BRASIL;22;1;1,62;3;262;24;85;3
1419;ARGENTINA;45;2;1,58;2;68;34;41;4
1420;BRASIL;28;2;1,55;5;112;5;78;1
1421;CANADA;21;2;1,57;3;11;9;131;1
1422;ARGENTINA;57;2;1,62;7;63;18;199;2
1423;BRASIL;29;2;1,73;3;183;16;8;9
1424;CANADA;23;1;1,63;3;60;13;163;3
1425;ARGENTINA;37;2;1,75;5;163;23;109;2
1426;BRASIL;30;1;1,75;5;35;21;149;3
1427;ARGENTINA;23;1;1,75;3;113;6;142;8
1428;ARGENTINA;39;2;1,66;1;52;18;97;4
1429;ARGENTINA;57;2;1,75;7;78;6;105;1
1430;ARGENTINA;42;2;1,69;6;87;19;95;3
1431;CANADA;42;2;1,65;6;27;5;37;2
1432;BRASIL;1;2;1,64;7;30;25;58;1
1433;BRASIL;58;2;1,66;7;183;17;74;3
1434;ARGENTINA;34;1;1,61;2;101;17;100;8
1435;CANADA;53;2;1,64;7;119;6;181;0
1436;ARGENTINA;16;1;1,7;1;299;9;43;3
1437;CANADA;23;1;1,78;2;125;5;33;0
1438;CANADA;20;2;1,56;1;100;-5;124;0
1439;ARGENTINA;30;1;1,62;4;200;7;160;0
1440;ARGENTINA;54;2;1,71;7;119;15;167;8
1441;BRASIL;29;2;1,65;2;104;13;78;4
1442;BRASIL;32;2;1,64;2;114;9;164;6
1443;ARGENTINA;45;2;1,58;5;93;9;147;0
1444;ARGENTINA;29;2;1,7;4;118;7;99;14
1445;ARGENTINA;49;1;1,62;7;6;-1;66;1
1446;ARGENTINA;55;2;1,57;7;49;-4;42;2
1447;ARGENTINA;20;1;1,62;3;47;9;46;2
1448;ARGENTINA;27;1;1,59;3;137;6;32;1
1449;BRASIL;17;2;1,64;5;219;29;21;7
1450;CANADA;44;1;1,66;6;26;-2;56;1
1451;ARGENTINA;47;1;1,7;4;101;17;163;2
1452;CANADA;48;2;1,6;5;35;5;123;0
1453;CANADA;58;1;1,62;7;129;-7;42;5
1454;ARGENTINA;40;2;1,67;6;75;8;172;1
1455;CANADA;51;2;1,7;3;108;-10;152;0
1456;BRASIL;35;2;1,75;5;242;1;145;5
1457;ARGENTINA;21;1;1,7;3;40;15;105;1
1458;ARGENTINA;50;2;1,67;2;50;16;69;3
1459;CANADA;30;2;1,56;5;325;11;43;0
1460;BRASIL;27;2;1,72;1;169;7;110;9
1461;ARGENTINA;48;1;1,58;7;56;6;61;0
1462;ARGENTINA;57;1;1,55;7;61;28;28;0
1463;ARGENTINA;35;2;1,81;5;211;7;44;15
1464;ARGENTINA;22;2;1,65;1;280;7;122;6
1465;ARGENTINA;20;1;1,69;3;274;19;118;1
1466;BRASIL;180;1;1,65;2;146;17;30;5
1467;ARGENTINA;40;2;1,65;5;110;13;37;3
1468;BRASIL;18;2;1,73;2;126;4;41;0
1469;ARGENTINA;55;1;1,58;7;102;18;9;0
1470;BRASIL;59;2;1,62;7;126;18;101;1
1471;ARGENTINA;36;1;1,74;5;47;11;7;2
1472;CANADA;19;2;1,61;4;11;2;51;0
1473;CANADA;51;2;1,62;7;22;9;53;1
1474;CANADA;45;1;1,8;6;23;0;100;0
1475;CANADA;25;2;1,76;5;192;5;115;1
1476;ARGENTINA;50;2;1,67;7;49;14;120;3
1477;ARGENTINA;33;2;1,9;5;37;9;43;4
1478;CANADA;40;2;1,73;2;290;7;174;1
1479;CANADA;36;2;1,65;5;10;8;182;0
1480;ARGENTINA;49;1;1,71;6;75;-4;134;2
1481;CANADA;21;2;1,7;1;211;7;149;0
1482;ARGENTINA;41;2;1,6;1;48;33;78;0
1483;CANADA;40;2;1,68;6;16;8;38;1
1484;ARGENTINA;52;1;1,6;7;48;18;129;1
1485;BRASIL;32;2;1,66;2;26;14;111;1
1486;ARGENTINA;36;1;1,83;5;106;19;128;8
1487;CANADA;32;2;1,69;5;32;1;196;0
1488;ARGENTINA;25;1;1,64;2;230;7;39;0
1489;ARGENTINA;29;1;1,81;2;241;16;38;0
1490;ARGENTINA;99;2;1,66;7;-2;40;0;100
1491;ARGENTINA;44;2;1,63;6;32;7;73;0
1492;ARGENTINA;19;2;1,53;5;110;15;167;7
1493;CANADA;37;1;1,68;4;30;6;173;0
1494;ARGENTINA;18;2;1,66;2;82;35;11;1
1495;CANADA;58;1;1,54;7;69;10;162;5
1496;BRASIL;25;1;1,69;2;144;22;178;1
1497;BRASIL;31;2;1,59;5;100;22;177;8
1498;BRASIL;54;1;1,59;7;3;29;69;0
1499;ARGENTINA;28;2;1,6;4;35;9;46;3
1500;ARGENTINA;45;2;1,67;6;117;32;6;10
