Perfil,Seguidores,Publicaciones,Interacciones
Perfil1,10000,50,500
Perfil2,20000,100,1000
Perfil3,5000,30,200
Perfil4,15000,80,800
Perfil5,3000,20,150
Perfil6,25000,120,1200
Perfil7,8000,40,400
Perfil8,18000,90,900
Perfil9,6000,35,300
Perfil10,12000,70,700
Perfil11,4000,25,250
Perfil12,22000,110,1100
Perfil13,7000,45,450
Perfil14,16000,85,850
Perfil15,3500,15,100
Perfil16,24000,115,1150
Perfil17,9000,55,550
Perfil18,14000,75,750
Perfil19,4500,28,250
Perfil20,10000,60,600
Perfil21,26000,130,1300
Perfil22,7500,50,500
Perfil23,17000,95,950
Perfil24,5500,32,300
Perfil25,13000,65,650
Perfil26,3000,18,150
Perfil27,23000,105,1050
Perfil28,8500,45,400
Perfil29,19000,100,1000
Perfil30,5000,30,300
Perfil31,11000,55,550
Perfil32,3500,20,200
Perfil33,25000,120,1200
Perfil34,8000,40,400
Perfil35,18000,95,950
Perfil36,6000,35,350
Perfil37,12000,60,600
Perfil38,4000,22,220
Perfil39,22000,110,1100
Perfil40,7000,45,450
Perfil41,16000,80,800
Perfil42,3500,20,200
Perfil43,24000,115,1150
Perfil44,9000,50,500
Perfil45,14000,70,700
Perfil46,4500,25,250
Perfil47,10000,55,550
Perfil48,26000,125,1250
Perfil49,7500,45,450
Perfil50,17000,90,900
Perfil51,5500,30,300
Perfil52,13000,65,650
Perfil53,3000,15,150
Perfil54,23000,110,1100
Perfil55,8500,40,400
Perfil56,19000,95,950
Perfil57,5000,28,280
Perfil58,11000,55,550
Perfil59,3500,20,200
Perfil60,25000,120,1200
Perfil61,8000,40,400
Perfil62,18000,90,900
Perfil63,6000,35,350
Perfil64,12000,60,600
Perfil65,4000,22,220
Perfil66,22000,110,1100
Perfil67,7000,45,450
Perfil68,16000,80,800
Perfil69,3500,20,200
Perfil70,24000,115,1150
Perfil71,9000,50,500
Perfil72,14000,70,700
Perfil73,4500,25,250
Perfil74,10000,55,550
Perfil75,26000,125,1250
Perfil76,7500,45,450
Perfil77,17000,90,900
Perfil78,5500,30,300
Perfil79,13000,65,650
Perfil80,3000,15,150
Perfil81,23000,110,1100
Perfil82,8500,40,400
Perfil83,19000,95,950
Perfil84,5000,28,280
Perfil85,11000,55,550
Perfil86,3500,20,200
Perfil87,25000,120,1200
Perfil88,8000,40,400
Perfil89,18000,90,900
Perfil90,6000,35,350
Perfil91,12000,60,600
Perfil92,4000,22,220
Perfil93,22000,110,1100
Perfil94,7000,45,450
Perfil95,16000,80,800
Perfil96,3500,20,200
Perfil97,24000,115,1150
Perfil98,9000,50,500
Perfil99,14000,70,700
Perfil100,4500,25,250
